{
  "name": "Australian Grand Prix",
  "year": 2024,
  "round": 3,
  "rotation": 44.0,
  "x": [
    -169.8678738255708,
    -285.8897681206168,
    -619.7414250081398,
    -855.2585054505271,
    -1057.5589695941094,
    -1242.8420928283606,
    -1411.9012592432584,
    -1546.9997881291329,
    -1749.3002522727154,
    -2394.379595314999,
    -2460.862190772368,
    -2591.7434065757293,
    -2789.1072178364598,
    -2909.2970623542597,
    -3047.7948388027908,
    -3134.595297012628,
    -3296.6620951970053,
    -3395.744271206188,
    -3452.4805463810803,
    -3510.4086868578534,
    -3608.828042594114,
    -3698.319143567755,
    -3789.622723924097,
    -3863.9794293269174,
    -3926.32591265907,
    -3998.619746046565,
    -4108.79535288704,
    -4268.908739777096,
    -4392.378003041983,
    -4476.02960632179,
    -4704.33218566474,
    -4916.1850969855905,
    -5113.548908246321,
    -5238.128835855791,
    -5436.335394066259,
    -5550.273313249928,
    -5710.8978534998,
    -5856.638390811476,
    -6125.396768982548,
    -6306.3885348446465,
    -6473.934977369228,
    -6752.369209866966,
    -6939.588219633317,
    -7176.893098028525,
    -7304.0048448210355,
    -7592.0655687856815,
    -7720.51726945935,
    -8041.473751134366,
    -8138.098152250148,
    -8394.03539949835,
    -8666.12255927627,
    -8902.884446214124,
    -9091.69380249426,
    -9226.96867972312,
    -9439.022620816837,
    -9530.58696190037,
    -9625.649276266075,
    -9700.964979100374,
    -9776.231319074914,
    -10049.718530595235,
    -10092.565216694777,
    -10123.331214767839,
    -10139.287254192344,
    -10139.39313657952,
    -10108.020837760952,
    -10070.12153954575,
    -10027.384314167213,
    -9996.279932743495,
    -9930.449789464483,
    -9836.516031112504,
    -9727.426774093654,
    -9670.080619839428,
    -9608.545412266396,
    -9585.530116989388,
    -9561.926045729097,
    -9567.691499133292,
    -9579.430225475284,
    -9607.742026988775,
    -9672.96944785611,
    -9766.526194999158,
    -9928.13120268348,
    -10009.032432245158,
    -10085.071053213624,
    -10182.767490815719,
    -10247.69157785684,
    -10470.398262377845,
    -10615.25742488151,
    -10722.210132502318,
    -10827.35393907425,
    -10923.544809453684,
    -10991.87887905895,
    -11014.760399091994,
    -11028.54805102092,
    -11011.67200893013,
    -10996.005356903444,
    -10981.55167327469,
    -10946.766180465072,
    -10921.152178383043,
    -10884.4272207075,
    -10839.242955437048,
    -10789.792014224326,
    -10744.38203775113,
    -10636.347292456368,
    -10533.74282864205,
    -10515.290386465873,
    -10397.85486090695,
    -10320.152216041983,
    -10260.951376212952,
    -10165.219451813588,
    -10132.309747674824,
    -10082.587310733425,
    -10054.416808038477,
    -10015.830008120472,
    -9995.766116334458,
    -9850.216240701082,
    -9764.364411828157,
    -9574.472650967147,
    -9551.055296144408,
    -9392.292598136997,
    -9294.455228623283,
    -9066.956768371796,
    -8984.253794428903,
    -8809.993636070134,
    -8578.309700833672,
    -8472.439764700663,
    -8376.591222912637,
    -8241.475169264539,
    -8075.871769939714,
    -7859.960369117114,
    -7689.93862693691,
    -7559.283122336295,
    -7394.145091845354,
    -7192.514604642351,
    -7048.434879800268,
    -6865.010020474649,
    -6819.190827788063,
    -6562.209803817257,
    -6413.909187558833,
    -5823.079718127412,
    -5636.421224580637,
    -5516.918881765638,
    -5333.261154569615,
    -5207.778382149162,
    -5052.622751238009,
    -4961.6471861377595,
    -4821.622372463598,
    -4768.976424887992,
    -4629.769676733688,
    -4472.699262386487,
    -4345.248765336398,
    -4210.29795812288,
    -4106.113148982424,
    -4017.4118537649315,
    -3919.1087485104117,
    -3821.5249830562307,
    -3765.0283655124776,
    -3672.427037467079,
    -3633.4696491939585,
    -3584.861088024051,
    -3485.168666028613,
    -3391.6330219816164,
    -3229.8727690503597,
    -3020.159985461382,
    -2804.9922389620788,
    -2540.010119562594,
    -2287.0135408038986,
    -2034.8879687586482,
    -1771.7995296991605,
    -1501.3449226271289,
    -1121.5399309021361,
    -856.6214876977253,
    -731.7664860257495,
    -442.2424010305467,
    -263.4086545694636,
    20.903703480382177,
    310.3254844222378,
    597.7620159722348,
    739.4086473507963,
    1054.800705394482,
    1159.0874516813642,
    1397.2772832184116,
    1476.5563281687696,
    1589.9405208936005,
    1760.3711123802725,
    1851.5262372504155,
    1936.0838967681123,
    2054.302438322448,
    2137.0265153613927,
    2238.9259527106847,
    2395.375386070144,
    2481.477607575694,
    2585.1190583518764,
    2773.6250808057976,
    2990.9576364668524,
    3170.782218456951,
    3367.6241413563794,
    3496.5201077678826,
    3626.830072350183,
    3817.2966627660826,
    3951.799259001017,
    4072.161873527975,
    4331.988418602598,
    4482.044994716306,
    4623.5188560857105,
    4812.969929542715,
    4940.081676335226,
    5083.318654227572,
    5370.141728364405,
    5545.407035587504,
    5780.931272697549,
    5982.4701908486895,
    6348.611304701077,
    6653.576697427142,
    6822.494931930419,
    7114.015001318967,
    7359.938010889845,
    7559.643346562235,
    7804.921060622414,
    7954.836704824502,
    8171.115115668389,
    8290.617458483388,
    8436.590863665466,
    8528.828760023407,
    8577.726341684212,
    8636.994436042145,
    8702.341685725049,
    8745.88303019505,
    8776.003732757412,
    8787.41802217714,
    8792.259527674303,
    8776.613978743666,
    8719.990742623608,
    8700.991730656247,
    8653.543563597605,
    8590.791809292812,
    8549.271130646037,
    8477.143277506964,
    8382.518439118354,
    8343.279187021993,
    8253.91186010467,
    8188.4555166076825,
    8078.502409543044,
    8021.7028250799995,
    7943.844934968096,
    7855.644791922776,
    7798.771163170092,
    7720.391384696887,
    7613.608235658331,
    7549.68571914771,
    7337.720135678947,
    7193.693352030453,
    7044.405478576842,
    6870.060540926949,
    6659.39591657415,
    6535.556431861069,
    6435.705553191789,
    6299.362217810445,
    6113.130465239281,
    5939.624696205296,
    5781.598862760446,
    5662.794756649735,
    5503.654680526472,
    5448.7062033044,
    5374.73045435126,
    5293.561307394733,
    5235.56270096215,
    5125.397829123161,
    5063.732057733074,
    5036.273738170807,
    5007.775220219765,
    4989.1500080344285,
    4980.472145904434,
    4977.006010719796,
    4983.984432521923,
    4994.23511640348,
    5025.156359723476,
    5042.974241390442,
    5057.170742625835,
    5061.599820482701,
    5052.453011184993,
    5021.183016419774,
    4956.153413898396,
    4882.883058317201,
    4755.013343866079,
    4636.368061336132,
    4515.190959623145,
    4436.208091831343,
    4309.149286232421,
    4139.173328578147,
    4033.0247400488047,
    3862.52689403323,
    3660.9704511198656,
    3518.8266128098826,
    3345.599496172231,
    3250.1422789284497,
    2917.0840061309045,
    2702.826261110241,
    2469.4672000688697,
    2365.525993800303,
    2156.2295830923713,
    1836.5919522024637,
    1589.8369306833342,
    1339.509891592391,
    1117.4134530576418,
    893.9030163520947,
    665.4559267636956,
    316.74494836785755,
    9.783938155369551
  ],