{
  "name": "Austrian Grand Prix",
  "year": 2021,
  "round": 9,
  "rotation": 1.0,
  "x": [
    1166.6985367482155,
    999.5094822516195,
    831.3380324663044,
    662.1667349858329,
    491.99558981020505,
    320.8245969394208,
    147.67136108476106,
    -25.481874769898692,
    -199.61750591327754,
    -375.7702848534065,
    -551.9056113870981,
    -729.0407856159462,
    -907.1758075399506,
    -1069.383075967202,
    -1248.483040773488,
    -1426.583157884618,
    -1605.665670284467,
    -1785.7654827859096,
    -1965.8827476937897,
    -2150.9643462645768,
    -2303.208042553139,
    -2446.5229192110423,
    -2515.198266860962,
    -2627.7447462527025,
    -2730.484725163689,
    -2826.400294272953,
    -2918.5259014788394,
    -3004.8618513910346,
    -3084.42574872082,
    -3158.234893569789,
    -3225.2370810234734,
    -3281.485277520559,
    -3332.048531162578,
    -3382.6815944303457,
    -3436.3665580028946,
    -3496.0506077463815,
    -3565.7854916607444,
    -3638.5722758798884,
    -3730.844833687248,
    -3806.7707802433597,
    -3884.766231815533,
    -3964.7962835908934,
    -4046.8958403823162,
    -4122.839239344864,
    -4208.025601253943,
    -4294.246715671053,
    -4382.502430291348,
    -4472.810197521269,
    -4567.239522376878,
    -4655.4777845907365,
    -4746.890113954438,
    -4838.319895724577,
    -4928.819639425308,
    -5016.372197259881,
    -5117.498704543918,
    -5200.156738341334,
    -5281.849829256469,
    -5362.560524882883,
    -5444.288520610891,
    -5525.034121050181,
    -5604.814778607189,
    -5684.595436164196,
    -5763.4111508389215,
    -5843.244165615241,
    -5922.0773326964045,
    -6001.92779987916,
    -6085.777657842543,
    -6170.575006281769,
    -6262.301478961343,
    -6362.009280795728,
    -6465.664116191429,
    -6574.230928030723,
    -6689.709411703927,
    -6802.874056670947,
    -6928.159040824905,
    -7052.339462845082,
    -7173.433079747604,
    -7305.682092954782,
    -7439.895896739397,
    -7574.12715293045,
    -7705.271604003849,
    -7822.156401248498,
    -7924.83390188371,
    -8014.269048791766,
    -8093.548647090323,
    -8162.672696779381,
    -8225.762755484626,
    -8269.716088730402,
    -8299.671554243989,
    -8319.645995212448,
    -8327.569906619718,
    -8319.461350091611,
    -8299.23245437657,
    -8268.865462458461,
    -8235.35930820339,
    -8197.731596322628,
    -8157.034531730651,
    -8113.268114427455,
    -8065.467401530758,
    -8013.632393040561,
    -7957.797993769738,
    -7895.947055921541,
    -7830.096727292717,
    -7763.246550968737,
    -7683.415807014162,
    -7596.568676787053,
    -7499.705617201945,
    -7398.825714429772,
    -7306.926988507572,
    -7195.013856275805,
    -7076.049432958631,
    -6951.051018657646,
    -6821.018461068003,
    -6685.9343077832655,
    -6548.798101888905,
    -6406.6103002994505,
    -6261.388050811651,
    -6113.113901019071,
    -5962.787698616868,
    -5809.427048316319,
    -5654.014345406146,
    -5496.567042292786,
    -5336.102743687519,
    -5174.586240167785,
    -5011.0525888513,
    -4846.484185026784,
    -4678.933690523237,
    -4510.365895918095,
    -4289.6314971004485,
    -4111.030320730869,
    -3937.4632876499454,
    -3762.93131168674,
    -3586.4694499589714,
    -3416.0590316214525,
    -3244.666217995215,
    -3063.2749274174134,
    -2882.8660321283305,
    -2700.474893855373,
    -2517.1537175130075,
    -2332.9025031012347,
    -2156.7198798764625,
    -1969.6087416307196,
    -1782.5325081978503,
    -1594.4564270698252,
    -1407.3801936369564,
    -1233.3368850539953,
    -1083.3073735612245,
    -947.2582773942063,
    -831.223587536753,
    -730.0993510744593,
    -641.8335153977002,
    -564.3914803032887,
    -492.7740073154428,
    -432.0152397228189,
    -384.1497777286043,
    -351.0726022844882,
    -332.88842782909427,
    -324.7027303252642,
    -324.53326678912265,
    -337.32691847713954,
    -362.10129010059586,
    -395.85683857402245,
    -436.59386850710644,
    -481.41755125300244,
    -536.1349965118387,
    -600.7636566900524,
    -673.3910984295172,
    -754.069678949545,
    -845.7640365227304,
    -946.5617377909471,
    -1055.428030246164,
    -1172.3978187012558,
    -1296.488707867503,
    -1427.7006977449062,
    -1564.0340929431522,
    -1705.4888934622415,
    -1851.1001564198916,
    -1999.9203913402584,
    -2152.9843507313726,
    -2307.1703246627044,
    -2463.4607084229724,
    -2620.820749504146,
    -2779.232995499788,
    -2938.7148988163353,
    -3100.23140233607,
    -3263.747601246118,
    -3440.2618201931987,
    -3644.7368697917836,
    -3809.9909779955847,
    -3965.037180370575,
    -4110.80551498616,
    -4244.348795976185,
    -4366.6668710358035,
    -4466.81377273761,
    -4566.629078717107,
    -4651.202335579137,
    -4720.568448136573,
    -4773.832283132884,
    -4808.9417879584435,
    -4827.914110410004,
    -4834.800998487499,
    -4828.6724141215245,
    -4809.493452499206,
    -4778.246508909261,
    -4736.03614548547,
    -4679.880271548802,
    -4609.726529879944,
    -4532.538949532118,
    -4459.5776412486,
    -4378.355765307273,
    -4297.133889365946,
    -4210.877870135962,
    -4119.657517243071,
    -4021.5603973291463,
    -3920.7080680198746,
    -3814.1184386362233,
    -3700.826566295911,
    -3580.8673558118126,
    -3459.3273076918963,
    -3334.2590837651605,
    -3207.6100222026075,
    -3085.2744947365513,
    -2968.23489665571,
    -2866.3326332537135,
    -2760.7800271998367,
    -2664.2784076216794,
    -2561.9347735305196,
    -2457.626348861921,
    -2354.300319482042,
    -2244.097523081129,
    -2131.8077692577167,
    -2012.4318195360238,
    -1884.9174690015811,
    -1748.160155520609,
    -1600.1078264834828,
    -1443.7600249756715,
    -1283.18595140355,
    -1119.4378106815866,
    -953.5678077242492,
    -786.6805046653183,
    -618.7759015047938,
    -449.85399824267546,
    -278.9149471838071,
    -106.97604842978238,
    64.96285032424235,
    239.9361969766108,
    415.89193891769844,
    592.8300761475051,
    770.7680610724682,
    949.6884412861504,
    1129.5912167885517,
    1310.476387579672,
    1492.3614060659488,
    1659.2487091248797,
    1843.1334230014695,
    2028.0005321667782,
    2212.867641332087,
    2398.7695030054265,
    2606.737823597956,
    2810.8463726613577,
    2984.0818100199726,
    3143.5113561172084,
    3293.186758953002,
    3431.1606803563527,
    3557.450572733698,
    3669.039440593131,
    3762.875383629871,
    3836.9761588600427,
    3889.35952329977,
    3933.953535055494,
    3978.460284779031,
    4025.9840299944744,
    4073.56013242923,
    4122.136082559142,
    4169.677280181023,
    4208.027872075686,
    4233.223372275381,
    4242.31659491395,
    4232.290544499487,
    4196.146287165896,
    4139.900361490553,
    4065.482653238023,
    3972.823352782556,
    3873.8682752467166,
    3757.898334486781,
    3638.8764934220644,
    3515.820356763848,
    3389.677414987976,
    3258.4654251105726,
    3122.1843871316382,
    2982.886353660798,
    2838.571629307738,
    2692.239757157928,
    2541.960851446804,
    2389.7171551582423,
    2235.4737634793673,
    2077.2484334263045,
    1918.023255678085,
    1756.8158349459902,
    1592.608871128426,
    1426.4196643269865,
    1289.1038738400214
  ],