{
  "name": "Canadian Grand Prix",
  "year": 2024,
  "round": 9,
  "rotation": 62.0,
  "x": [
    886.8259349784037,
    1071.3964701175491,
    1193.4112245302197,
    1417.2104415536012,
    1563.9692358674047,
    1591.6980917433916,
    1749.7112226335098,
    1985.4452489962964,
    2145.939236066853,
    2276.1675155482712,
    2451.5381133309206,
    2548.7183440781155,
    2648.413919237378,
    2834.2723516289193,
    2936.6642387289353,
    2992.996371703232,
    3094.7637815728704,
    3159.188922179953,
    3218.7298532599543,
    3276.9743607170244,
    3367.207456346784,
    3423.483593788367,
    3497.9656574837113,
    3543.9349278450886,
    3574.256630966939,
    3608.411609424873,
    3632.384692798573,
    3654.479889921129,
    3677.3460435711186,
    3711.397557334163,
    3715.6313277697723,
    3693.3162203268903,
    3670.445612116891,
    3642.6347988470975,
    3592.401341629007,
    3533.2264174169018,
    3444.845246177192,
    3384.5203776392104,
    3331.237582543017,
    3191.352492323379,
    3086.005822920128,
    3017.8464171118417,
    2878.2197972546846,
    2868.640872099745,
    2603.730249631489,
    2489.4550941647703,
    2299.6339598811633,
    2287.4061919476467,
    2024.0289561637207,
    1882.9293997149568,
    1716.5473553390145,
    1585.853676105336,
    1410.00469763988,
    1283.5922580039876,
    1215.5578241916737,
    1073.8897860452448,
    978.9534484170902,
    855.2158134208679,
    774.4541064406326,
    649.2220275517204,
    566.3369448884071,
    412.200103936538,
    348.1799129889925,
    243.7551339702409,
    166.7017303301161,
    -5.791970732579136,
    -92.53629059306911,
    -142.8772843165747,
    -372.5860659464254,
    -512.9016849372092,
    -591.643480929256,
    -773.2251282830218,
    -970.1313506105834,
    -1184.9549951578047,
    -1196.7132915285351,
    -1419.5954554769125,
    -1535.9594983950797,
    -1654.2229348654735,
    -1765.388302361366,
    -1994.5241477335412,
    -2124.6663980106273,
    -2303.952228523166,
    -2401.110951969278,
    -2509.1105359616313,
    -2656.7307705672106,
    -2917.501795425241,
    -3083.2719607518684,
    -3289.90320478194,
    -3458.0207279224965,
    -3547.4224169320996,
    -3630.341987827043,
    -3692.5962835888704,
    -3758.9638323503455,
    -3847.0260831348505,
    -3919.3072683133205,
    -3947.7080705818616,
    -4012.9041677163773,
    -4054.8636497729963,
    -4109.778841688399,
    -4139.769026173983,
    -4173.850956358131,
    -4188.159085372559,
    -4231.574451279713,
    -4264.3254696093,
    -4310.656675028047,
    -4376.167238057757,
    -4493.315218433904,
    -4605.67799941785,
    -4708.651349146077,
    -4831.049545917202,
    -4932.5239971927285,
    -5132.621582135439,
    -5241.069130389495,
    -5362.704897003722,
    -5486.408043768314,
    -5564.85688116625,
    -5800.091402294632,
    -5958.642981210795,
    -6071.113298700156,
    -6274.751200384838,
    -6300.8821476732455,
    -6457.08636877548,
    -6577.447219067858,
    -6738.47965416446,
    -6873.794618002727,
    -6983.448106115373,
    -7288.814474878052,
    -7539.627586782701,
    -7595.666761162886,
    -7832.4862099483,
    -8012.685021725317,
    -8179.583624076738,
    -8331.829597846916,
    -8538.068873147999,
    -8674.253803648577,
    -8809.913267053658,
    -8916.960926989892,
    -9048.03766583254,
    -9192.604108000007,
    -9408.788315323924,
    -9568.554360469214,
    -9688.510261102054,
    -9780.078340396902,
    -9861.520520140228,
    -9981.30843417493,
    -10065.308972932491,
    -10111.04128023247,
    -10144.0633671056,
    -10133.95452029515,
    -10104.442333742889,
    -10089.035801375287,
    -10087.42491185716,
    -10090.314789507662,
    -10104.54948749882,
    -10140.164421617814,
    -10226.84383682557,
    -10337.31982243835,
    -10429.266889531642,
    -10504.829921089602,
    -10654.414071150657,
    -10742.80784057143,
    -10815.007068356093,
    -10906.876632615587,
    -11060.987511706362,
    -11173.578346631686,
    -11289.81296299387,
    -11386.321247348511,
    -11540.824095168276,
    -11643.569008205643,
    -11758.61919201032,
    -11922.890458884247,
    -12055.18611851603,
    -12229.807267072329,
    -12344.723952510498,
    -12475.589690152841,
    -12745.022204341323,
    -13029.219338176472,
    -13184.674110052356,
    -13342.47623974217,
    -13564.7120364096,
    -14238.431466182066,
    -14365.532904951586,
    -14538.827596213334,
    -14753.788810937589,
    -14850.120582323554,
    -14906.909205930091,
    -15012.67342317394,
    -15058.944178499964,
    -15116.5467732361,
    -15131.522394083071,
    -15145.735584773147,
    -15136.333172586881,
    -15114.681485166018,
    -15085.19526047485,
    -15055.631532949885,
    -15015.002962747827,
    -14978.130165048056,
    -14941.8388299765,
    -14882.366875359756,
    -14824.359330964086,
    -14755.342939424034,
    -14689.55685329077,
    -14615.880234354488,
    -14525.897082716674,
    -14392.236022998699,
    -14286.471805754849,
    -14201.428859176827,
    -14022.590992925992,
    -13903.38008695949,
    -13861.959052928916,
    -13693.927558992693,
    -13564.55626524304,
    -13471.72179599688,
    -13276.228442917687,
    -13096.326661545307,
    -12887.421107975091,
    -12778.939071489405,
    -12574.917727446269,
    -12436.079499607102,
    -12262.82782294752,
    -12144.934847905033,
    -11950.268446885986,
    -11707.888387620927,
    -11540.51585914671,
    -11400.381207684612,
    -11129.99231488,
    -10904.72423307554,
    -10627.85322215627,
    -10446.521518794449,
    -10281.30685423494,
    -10016.887593380037,
    -9883.851010892438,
    -9733.512957045023,
    -9582.761427167534,
    -9397.820430600483,
    -9195.991438703684,
    -8856.879112953133,
    -8670.228216733076,
    -8516.47036357965,
    -8173.826247457663,
    -7860.073912468086,
    -7755.214150118179,
    -7615.225977953135,
    -7439.226448380098,
    -7228.154504524638,
    -6944.646369823116,
    -6678.02623045134,
    -6482.959334332766,
    -6144.372475677714,
    -6091.059646909901,
    -5916.412536492508,
    -5646.204611216583,
    -5447.080457631075,
    -5230.185361122963,
    -5066.603093382662,
    -4784.391382304073,
    -4558.610814334658,
    -4426.6251660380585,
    -4230.6193267939125,
    -4103.517888024393,
    -4018.664435345594,
    -3920.5107732411975,
    -3816.7019450822872,
    -3698.576461538413,
    -3621.1010554976788,
    -3538.0394598656903,
    -3493.8275583194945,
    -3450.4426088334453,
    -3413.6732758285643,
    -3370.9687991056057,
    -3280.998628398338,
    -3175.5703843507654,
    -3124.716904462308,
    -3039.260481854213,
    -2922.2074398024192,
    -2745.9064252647345,
    -2652.11150559192,
    -2527.546918535552,
    -2405.63117425776,
    -2313.4901587052377,
    -2042.0633126401765,
    -1954.8625021474475,
    -1789.4023481560043,
    -1633.766608751435,
    -1499.4895981736186,
    -1377.2163733984667,
    -1266.9469344259799,
    -1126.433295165438,
    -983.2708131263195,
    -823.6338117875285,
    -466.5265609835216,
    -374.9110125264978,
    -129.42561985062264,
    6.67328144562455,
    140.48082046065517,
    328.9536073991432,
    385.3847505083188,
    616.2950174367481,
    732.9905789911821
  ],