{
  "name": "Hungarian Grand Prix",
  "year": 2021,
  "round": 11,
  "rotation": 40.0,
  "x": [
    -1030.1164707597873,
    -1190.6703178945675,
    -1351.3474218627803,
    -1514.7189331031714,
    -1680.2653208394875,
    -1846.577753018922,
    -2014.1757604177299,
    -2183.3058567027756,
    -2353.078740597508,
    -2524.260456545046,
    -2696.727747711957,
    -2870.0843401554193,
    -3044.9730214851197,
    -3219.095658371701,
    -3394.627127311088,
    -3587.064580884141,
    -3773.2239186362854,
    -3923.7926845679945,
    -4101.375773169873,
    -4278.4393309954985,
    -4457.80102215048,
    -4637.162713305462,
    -4816.524404460443,
    -4995.886095615425,
    -5176.656618823213,
    -5357.550398864432,
    -5537.678134462533,
    -5718.6951713371855,
    -5900.231738988092,
    -6088.812466903025,
    -6262.29231617992,
    -6422.080118871581,
    -6562.294033099923,
    -6681.525226812138,
    -6784.766240609762,
    -6874.068694155288,
    -6950.718162668088,
    -7017.778823920639,
    -7076.536253132315,
    -7126.2244058599945,
    -7165.680963717738,
    -7194.5361562052485,
    -7210.342089717213,
    -7213.345277920494,
    -7204.311765258212,
    -7185.5396850597235,
    -7156.905780491597,
    -7120.584928049757,
    -7075.811083291083,
    -7023.993078268381,
    -6968.591364696951,
    -6903.451083589313,
    -6832.428960603589,
    -6752.707331634167,
    -6665.175497957597,
    -6571.242291626687,
    -6471.0309694748685,
    -6364.541531502142,
    -6252.540022151625,
    -6146.913382012925,
    -6024.134243573693,
    -5896.855591866656,
    -5762.902550395889,
    -5625.339296933867,
    -5482.633742594354,
    -5337.603551482958,
    -5190.002209932817,
    -5038.544142724556,
    -4886.5665447400415,
    -4732.660583926468,
    -4576.7030034504005,
    -4418.693803311842,
    -4259.275771120479,
    -4098.448906876309,
    -3936.8559981890203,
    -3773.731000615494,
    -3612.2878522041624,
    -3464.563253820588,
    -3330.4339486313397,
    -3209.0106353598653,
    -3101.578889225538,
    -3011.079631167401,
    -2944.530518006958,
    -2885.8446164387105,
    -2838.2093610685665,
    -2807.2335766652236,
    -2794.572608948353,
    -2796.7660062026557,
    -2812.8979637090574,
    -2835.7745609275726,
    -2871.330646621338,
    -2914.1774062459954,
    -2969.800407736811,
    -3031.9480387153994,
    -3102.398901734865,
    -3178.9781202992817,
    -3265.54242006677,
    -3358.877862988896,
    -3458.6146785653636,
    -3563.986822353053,
    -3671.8068597460565,
    -3782.3478078537623,
    -3891.2599136843223,
    -3940.0322616929266,
    -4047.342028688865,
    -4145.089491867078,
    -4232.385349951015,
    -4307.301240111616,
    -4364.844621747345,
    -4406.547583744441,
    -4438.415224814422,
    -4466.822414169106,
    -4492.684956527568,
    -4514.9637903372995,
    -4538.404942532972,
    -4568.890254992672,
    -4601.303930281431,
    -4632.432030350818,
    -4663.956404363026,
    -4693.006381327396,
    -4725.5698168921135,
    -4757.367208013711,
    -4790.573431188114,
    -4822.890353085965,
    -4855.207274983817,
    -4887.400940048236,
    -4919.471348279223,
    -4948.724092404599,
    -4967.841995050947,
    -4981.227816095165,
    -4992.808531143754,
    -4999.792979533631,
    -5009.198818086297,
    -5026.511614737018,
    -5060.827149412313,
    -5111.7491481693605,
    -5179.524124675026,
    -5266.47671570119,
    -5367.95764770409,
    -5482.33807840658,
    -5607.443131312736,
    -5737.267707711038,
    -5861.060681955298,
    -5989.722939967659,
    -6119.943790308783,
    -6246.8539492105665,
    -6360.072061527116,
    -6457.54650759594,
    -6538.264729307055,
    -6596.688151840146,
    -6644.3869521695715,
    -6675.576041808153,
    -6691.267978865873,
    -6691.709277009598,
    -6677.419467015581,
    -6648.768319384119,
    -6606.275364891468,
    -6550.063860371058,
    -6487.820753696605,
    -6406.074008507214,
    -6313.153360286288,
    -6215.213668021302,
    -6111.61214410257,
    -6002.225531696658,
    -5886.657556860747,
    -5766.070537980775,
    -5643.405395995786,
    -5516.513757852382,
    -5385.245863274604,
    -5251.530075091512,
    -5116.65196852248,
    -4977.793879461896,
    -4837.526958348506,
    -4693.79958551982,
    -4547.897336195208,
    -4404.812750976207,
    -4275.816486285262,
    -4162.44063100861,
    -4061.9907778740717,
    -3978.8166798734974,
    -3901.251406641621,
    -3836.33911844247,
    -3780.0998327844923,
    -3737.0330629354944,
    -3704.0481276804753,
    -3683.4696637913166,
    -3667.487466560872,
    -3650.862481720741,
    -3628.0826378931333,
    -3591.6107474802925,
    -3541.5700673156507,
    -3484.1154563866835,
    -3418.85064075057,
    -3341.056096915164,
    -3255.328091539179,
    -3163.3219703422847,
    -3070.030273926018,
    -2988.282251041584,
    -2889.4519798050032,
    -2787.4077705199898,
    -2681.7798526862457,
    -2574.3998357419237,
    -2464.008647910174,
    -2352.9044225203547,
    -2242.49599162527,
    -2138.2954266027104,
    -2038.770638566438,
    -1943.5253535736304,
    -1853.4488729008397,
    -1773.2342165976872,
    -1682.2949380908697,
    -1588.0184647021865,
    -1489.488991712563,
    -1390.3869810616359,
    -1285.8431489813036,
    -1184.7067617312198,
    -1087.4973500876392,
    -995.5004892699344,
    -908.319905335284,
    -825.9555982836885,
    -749.6931433345202,
    -678.643239211228,
    -615.227276076601,
    -558.1861821537908,
    -503.29346128438067,
    -454.40583912649026,
    -403.8363678064047,
    -352.2278349338114,
    -295.87327512654696,
    -229.41037728277956,
    -154.3712302887462,
    -64.10794782324147,
    35.7441419025126,
    137.86786151509966,
    256.3515315425739,
    380.56728317217875,
    513.059763400135,
    654.0754858933084,
    803.8874677610883,
    946.2325119794941,
    1097.5765827335115,
    1244.4741471047719,
    1384.3805580970534,
    1511.0176998894474,
    1618.7502442707319,
    1710.2460950705608,
    1787.5833753939512,
    1847.3983869165131,
    1886.8999689751597,
    1908.879282232978,
    1914.2256279665194,
    1908.0548036107514,
    1897.4109694297024,
    1883.183426699923,
    1871.500530966366,
    1861.1297138947061,
    1849.8695955464946,
    1838.3629635314187,
    1827.4991191260287,
    1815.745973444088,
    1803.8695709287142,
    1793.2787436327135,
    1783.2074471129674,
    1773.136150593221,
    1764.9932169025344,
    1757.493070821534,
    1751.9212875695935,
    1749.2904252566964,
    1749.6707338312265,
    1749.575258135362,
    1745.8695704482432,
    1733.5346267258099,
    1714.498789797122,
    1685.451368222839,
    1647.7746906132415,
    1598.924109972108,
    1540.0354412428549,
    1474.445879307347,
    1406.3819203240012,
    1335.5970506259523,
    1261.968013379768,
    1186.5338701379567,
    1105.957426018653,
    1019.9921673549921,
    927.1060052607361,
    828.0649841790039,
    722.6225904429306,
    612.1876561053218,
    515.5945286289033,
    397.2261327507155,
    270.28148772226217,
    141.03870936445188,
    8.088965624479176,
    -124.58776100610434,
    -244.68175255234627,
    -352.4395226811115,
    -446.32898250616216,
    -530.8231418527796,
    -602.4880524481905,
    -654.0330403615026,
    -699.3966658448142,
    -730.6719708000704,
    -747.3394244510176,
    -751.0808759598501,
    -742.5391129362547,
    -724.2852858189774,
    -697.7282266608239,
    -663.1144491286589,
    -619.4313951124985,
    -566.8023214457753,
    -506.3895465144299,
    -436.78423826565677,
    -360.16127319538043,
    -277.9294833564063,
    -188.8032935293614,
    -93.54874815736468,
    7.068108316464892,
    112.80076222526245,
    224.2920011787145,
    337.3153290184045,
    457.2595602886896,
    581.9498184936455,
    709.2112271373475,
    839.9595909388713,
    961.911695365789,
    1069.9517429831328,
    1171.7666816646167,
    1259.6695635365265,
