{
  "name": "Japanese Grand Prix",
  "year": 2024,
  "round": 4,
  "rotation": 49.0,
  "x": [
    1816.711833089167,
    2033.7432369135856,
    2222.559268553739,
    2445.889805844002,
    2574.960303141036,
    2867.1570454586877,
    3130.285055460619,
    3329.435225291791,
    3597.6489012528173,
    3782.790035543089,
    3952.314064580782,
    4089.8491735330963,
    4382.045915850747,
    4589.103288859442,
    4850.164471223169,
    5059.387322421299,
    5244.5284567115705,
    5491.481952983165,
    5632.691959285361,
    5951.135896700306,
    6056.879386669705,
    6359.804869383305,
    6681.16899456791,
    6967.6240118974765,
    7021.5291707012775,
    7468.4861969355,
    7557.95652262333,
    7841.787303836934,
    8087.823284255476,
    8279.79129959739,
    8566.85272204737,
    8685.534593307137,
    8832.540155177747,
    8918.221773885523,
    9067.767423133886,
    9132.617959186795,
    9162.06130069083,
    9175.295633634894,
    9166.070821195799,
    9093.494566722973,
    9018.018117497104,
    8948.63866669694,
    8890.935133037736,
    8798.554287455594,
    8687.404352919117,
    8574.774660114153,
    8473.658078177325,
    8289.4986154617,
    8146.907501442253,
    8031.318292100323,
    7978.1333480471085,
    7811.983430767927,
    7650.164469867616,
    7458.423416520131,
    7243.947259152403,
    7022.747705221941,
    6877.798645848267,
    6570.324912636716,
    6356.9235861912775,
    6205.0731649030995,
    6033.082214818681,
    5823.123989791024,
    5709.216673757715,
    5606.166409563549,
    5382.801377443651,
    5166.085918289543,
    4558.159114614711,
    4444.079324433226,
    4326.294976009898,
    4147.457809123144,
    4044.836641963542,
    3975.4178623960684,
    3803.15578761224,
    3651.6999685289916,
    3520.157716247558,
    3447.8580776777344,
    3345.4093846663095,
    3201.3923429587085,
    3060.848063560851,
    2909.604704659007,
    2742.0191918163237,
    2679.6494213572428,
    2573.31402808045,
    2432.5579457671065,
    2377.074378143589,
    2258.5898079862877,
    2180.460119018413,
    2095.4000645099923,
    2062.942718622739,
    2010.20203068303,
    1950.2743543163865,
    1872.3619594675906,
    1804.5912356450228,
    1716.3447026052079,
    1682.0523250118508,
    1539.2149132472825,
    1437.0724970308206,
    1313.1469874768045,
    1220.6233286384477,
    1092.0115892679396,
    964.2235491369247,
    837.7179661719292,
    651.1460702558302,
    480.1912795923095,
    387.67728862930045,
    263.3420177914149,
    121.13034689795643,
    35.640538089052185,
    -46.27302392120278,
    -168.3048372511109,
    -322.05444596698953,
    -438.3397003711385,
    -554.4573145647846,
    -673.0218567885421,
    -756.5786406060291,
    -829.2293759417179,
    -845.9026336318084,
    -839.8014585343483,
    -812.3414531962244,
    -802.0321419594932,
    -769.7575953616835,
    -736.3337369787218,
    -693.8140348657781,
    -665.0515793450207,
    -597.9968936012857,
    -557.011437603075,
    -543.8267585675866,
    -578.1542882564979,
    -651.5590759064902,
    -736.708770356715,
    -805.8515912871057,
    -937.8084387900827,
    -1047.0350162104917,
    -1099.3865931488644,
    -1176.5056069160478,
    -1188.970728466867,
    -1320.547475577936,
    -1463.942953086182,
    -1527.5903467736084,
    -1636.451325615131,
    -1706.3040361548426,
    -1833.1842283081533,
    -1918.2001201115913,
    -2012.0110700536409,
    -2173.316785181176,
    -2281.595528590652,
    -2398.8321364115695,
    -2484.962845170524,
    -2621.328649321072,
    -2724.521726771454,
    -2886.0544038934145,
    -3017.2358915336354,
    -3151.436217494748,
    -3301.0908424356085,
    -3418.327450256526,
    -3547.5407608097757,
    -3812.759768138279,
    -3922.2864738841395,
    -4078.210571398883,
    -4200.636329667801,
    -4290.121157168653,
    -4427.12786126925,
    -4468.9376737728735,
    -4559.650470593495,
    -4633.103597620226,
    -4654.240299804137,
    -4725.853561187089,
    -4781.642748339651,
    -4814.785814147856,
    -4867.516834212218,
    -4924.805772649878,
    -4993.706472506902,
    -5184.145732937674,
    -5209.465744306569,
    -5224.249482444306,
    -5218.463594751238,
    -5205.954310495435,
    -5179.727108414754,
    -5149.563552160132,
    -5130.690978716889,
    -5109.717082805807,
    -5065.209210589277,
    -5034.45375102726,
    -5007.57048991759,
    -4973.367095000118,
    -4949.108070006409,
    -4918.283620785122,
    -4886.408510329915,
    -4860.048162868367,
    -4836.247895801185,
    -4821.770434458411,
    -4795.341097337593,
    -4766.149544782271,
    -4748.505597924716,
    -4745.793036398789,
    -4756.783890884717,
    -4810.546893698222,
    -4873.089795571399,
    -4955.679409627259,
    -5033.745600139455,
    -5116.996107161979,
    -5212.909036837787,
    -5367.181559201788,
    -5516.570550646833,
    -5689.286549419514,
    -5887.790985362962,
    -6044.569100275079,
    -6231.890871833727,
    -6397.922802810983,
    -6523.767492809314,
    -6739.24048083063,
    -6857.148306759479,
    -6979.125632243137,
    -7259.237353401877,
    -7449.1633680598725,
    -7788.897146056212,
    -7950.449816194787,
    -8175.852015060927,
    -8523.936595082372,
    -8634.770584948541,
    -8870.38344450018,
    -8948.735261524807,
    -9159.773151412426,
    -9394.236699178913,
    -9611.997985629267,
    -9876.378791905256,
    -10443.242139313177,
    -10571.992515268146,
    -10668.689815416139,
    -10723.858095635265,
    -10779.218843019182,
    -10822.237946357798,
    -10828.981335937147,
    -10811.342223017267,
    -10781.144171933009,
    -10718.232152075108,
    -10668.549631223601,
    -10618.344196723969,
    -10549.404168099634,
    -10438.106586369267,
    -10360.770935748924,
    -10216.897364563458,
    -10198.26142098999,
    -10034.706078934805,
    -9855.701271837548,
    -9693.004123851495,
    -9580.078479392836,
    -9382.181105835722,
    -9286.579286892551,
    -9101.57613192082,
    -8987.930272711574,
    -8840.26316060838,
    -8696.927004884057,
    -8550.966613043773,
    -8375.21727413718,
    -8212.26350326474,
    -8045.9307866961135,
    -7865.426228313759,
    -7711.987730330517,
    -7471.643820991484,
    -7273.129717172688,
    -7117.461585278414,
    -7032.1642436343,
    -6734.772859665055,
    -6579.99258273187,
    -6400.903626896402,
    -6191.305509244038,
    -5870.922398368163,
    -5716.931325844837,
    -5508.67982108009,
    -5382.67232480893,
    -5172.911400883737,
    -4976.207501816758,
    -4806.73246942172,
    -4594.347309380566,
    -4370.315893090411,
    -4198.77403305717,
    -4040.0918967796783,
    -3925.0745977285283,
    -3679.9161471298085,
    -3406.2167118011666,
    -3291.1994127500157,
    -3102.5655231333863,
    -2826.1432011375496,
    -2768.3065220974786,
    -2607.557558181783,
    -2462.588505791495,
    -2301.8395418757996,
    -2170.4849228214825,
    -1940.9139165833808,
    -1855.5275922633828,
    -1740.9587259974912,
    -1683.0082373272478,
    -1629.847462962403,
    -1587.6423909879318,
    -1549.7682753923332,
    -1485.7401240470792,
    -1458.0125134153825,
    -1424.1430843870783,
    -1419.0815881163521,
    -1429.335754240915,
    -1436.9711754531086,
    -1439.4422731715888,
    -1449.4204806590687,
    -1464.0600910087533,
    -1476.0313025374926,
    -1490.8288852223322,
    -1498.5581230480843,
    -1509.311033132401,
    -1515.7971425594426,
    -1510.2768883621907,
    -1500.9685844508035,
    -1487.689431535838,
    -1454.402895205499,
    -1421.8662345177086,
    -1390.9673044335577,
    -1332.0847980972414,
    -1266.5382169821137,
    -1207.9764892537817,
    -1188.4230298272605,
    -1143.3770848836677,
    -1071.1664289897292,
    -1030.94469318117,
    -989.1493824905682,
    -946.633857049379,
    -908.843890191991,
    -864.3650216015042,
    -842.784063304088,
    -826.7820237219282,
    -816.6251936167597,
