{
  "name": "Las Vegas Grand Prix",
  "year": 2023,
  "round": 21,
  "rotation": 90.0,
  "x": [
    522.0000000000001,
    429.0000000000001,
    194.00000000000014,
    -39.99999999999984,
    -183.99999999999983,
    -222.99999999999983,
    -379.99999999999983,
    -497.99999999999983,
    -686.9999999999998,
    -826.9999999999998,
    -855.9999999999998,
    -1031.9999999999998,
    -1122.9999999999998,
    -1178.9999999999998,
    -1291.9999999999998,
    -1401.9999999999998,
    -1520.9999999999998,
    -1573.9999999999998,
    -1598.9999999999998,
    -1677.9999999999998,
    -1727.9999999999998,
    -1801.9999999999998,
    -1840.9999999999998,
    -1890.9999999999998,
    -1931.9999999999998,
    -1959.9999999999998,
    -1980.9999999999998,
    -1981.9999999999998,
    -1989.9999999999998,
    -1993.9999999999998,
    -1977.9999999999998,
    -1956.9999999999998,
    -1905.9999999999998,
    -1869.9999999999998,
    -1806.9999999999998,
    -1732.9999999999998,
    -1692.9999999999998,
    -1570.9999999999998,
    -1504.9999999999998,
    -1396.9999999999998,
    -1324.9999999999998,
    -1263.9999999999998,
    -1207.9999999999998,
    -1171.0,
    -1158.0,
    -1164.0,
    -1178.0,
    -1201.0,
    -1249.0,
    -1308.0,
    -1351.0,
    -1473.0,
    -1586.0,
    -1808.0,
    -1894.0,
    -2091.0,
    -2315.0,
    -2484.0,
    -2730.0,
    -2966.0,
    -3299.0,
    -3407.0,
    -3720.0,
    -4006.0,
    -4168.0,
    -4265.0,
    -4404.0,
    -4561.0,
    -4776.0,
    -4944.0,
    -5129.0,
    -5265.0,
    -5488.0,
    -5643.0,
    -5833.0,
    -6067.0,
    -6542.0,
    -6771.0,
    -6895.0,
    -7036.0,
    -7478.0,
    -7743.0,
    -8097.0,
    -8257.0,
    -8469.0,
    -8628.0,
    -8823.0,
    -9105.0,
    -9323.0,
    -9400.0,
    -9701.0,
    -9891.0,
    -10363.0,
    -10401.0,
    -10521.0,
    -10570.0,
    -10639.0,
    -10664.0,
    -10689.0,
    -10700.0,
    -10708.0,
    -10710.0,
    -10709.0,
    -10709.0,
    -10709.0,
    -10711.0,
    -10712.0,
    -10714.0,
    -10714.0,
    -10715.0,
    -10716.0,
    -10718.0,
    -10724.0,
    -10778.0,
    -10861.0,
    -10928.0,
    -11075.0,
    -11254.0,
    -11460.0,
    -11518.0,
    -11608.0,
    -11728.0,
    -11854.0,
    -11972.0,
    -12056.0,
    -12184.0,
    -12292.0,
    -12377.0,
    -12424.0,
    -12536.0,
    -12634.0,
    -12673.0,
    -12714.0,
    -12760.0,
    -12781.0,
    -12798.0,
    -12841.0,
    -12882.0,
    -12936.0,
    -13017.0,
    -13086.0,
    -13147.0,
    -13181.0,
    -13268.0,
    -13370.0,
    -13507.0,
    -13610.0,
    -13700.0,
    -13795.0,
    -13823.0,
    -13950.0,
    -14073.0,
    -14118.0,
    -14180.0,
    -14241.0,
    -14267.0,
    -14284.0,
    -14290.0,
    -14291.0,
    -14289.0,
    -14286.0,
    -14283.0,
    -14280.0,
    -14276.0,
    -14275.0,
    -14272.0,
    -14268.0,
    -14266.0,
    -14260.0,
    -14257.0,
    -14257.0,
    -14257.0,
    -14258.0,
    -14259.0,
    -14260.0,
    -14262.0,
    -14270.0,
    -14281.0,
    -14310.0,
    -14348.0,
    -14395.0,
    -14447.0,
    -14501.0,
    -14583.0,
    -14664.0,
    -14748.0,
    -14898.0,
    -15083.0,
    -15285.0,
    -15412.0,
    -15680.0,
    -15876.0,
    -15951.0,
    -16177.0,
    -16328.0,
    -16462.0,
    -16621.0,
    -16786.0,
    -16914.0,
    -17081.0,
    -17169.0,
    -17290.0,
    -17412.0,
    -17558.0,
    -17643.0,
    -17684.0,
    -17721.0,
    -17724.0,
    -17748.0,
    -17764.0,
    -17774.0,
    -17772.0,
    -17736.0,
    -17702.0,
    -17653.0,
    -17593.0,
    -17512.0,
    -17423.0,
    -17368.0,
    -17212.0,
    -17056.0,
    -16923.0,
    -16895.0,
    -16800.0,
    -16516.0,
    -16318.0,
    -16241.0,
    -16039.0,
    -15935.0,
    -15830.0,
    -15626.0,
    -15478.0,
    -15263.0,
    -15053.0,
    -14826.0,
    -14650.0,
    -14499.0,
    -14373.0,
    -14218.0,
    -14073.0,
    -13838.0,
    -13734.0,
    -13398.0,
    -13258.0,
    -13019.0,
    -12775.0,
    -12429.0,
    -12164.0,
    -12080.0,
    -11912.0,
    -11503.0,
    -11244.0,
    -11026.0,
    -10649.0,
    -10419.0,
    -10276.0,
    -9829.0,
    -9649.0,
    -9323.0,
    -9123.0,
    -8795.0,
    -8338.0,
    -8137.000000000001,
    -7805.000000000001,
    -7491.000000000001,
    -7288.000000000001,
    -6955.000000000001,
    -6825.000000000001,
    -6361.000000000001,
    -6138.000000000001,
    -5915.000000000001,
    -5729.000000000001,
    -5599.000000000001,
    -5282.000000000001,
    -5002.000000000001,
    -4760.000000000001,
    -4686.000000000001,
    -4352.000000000001,
    -4149.000000000001,
    -3946.0000000000005,
    -3927.0000000000005,
    -3522.0000000000005,
    -3320.0000000000005,
    -3118.0000000000005,
    -2972.0000000000005,
    -2734.0000000000005,
    -2405.0000000000005,
    -2077.0000000000005,
    -1968.0000000000005,
    -1695.0000000000005,
    -1532.0000000000005,
    -1387.0000000000005,
    -1243.0000000000005,
    -1080.0000000000005,
    -846.0000000000005,
    -558.0000000000005,
    -367.00000000000045,
    -128.00000000000048,
    142.99999999999952,
    356.99999999999955,
    455.99999999999955,
    534.9999999999995,
    632.9999999999995,
    763.9999999999995,
    852.9999999999995,
    920.9999999999995,
    1035.9999999999995,
    1093.9999999999995,
    1159.9999999999995,
    1189.9999999999995,
    1218.9999999999995,
    1243.9999999999995,
    1267.9999999999995,
    1276.9999999999995,
    1293.9999999999995,
    1344.9999999999995,
    1356.9999999999995,
    1416.9999999999995,
    1495.9999999999995,
    1551.9999999999995,
    1593.9999999999995,
    1663.9999999999995,
    1704.9999999999995,
    1710.9999999999995,
    1711.9999999999995,
    1712.9999999999995,
    1720.9999999999995,
    1715.9999999999995,
    1707.9999999999998,
    1701.9999999999998,
    1698.9999999999998,
    1695.9999999999998,
    1693.9999999999998,
    1689.9999999999998,
    1682.9999999999998,
    1677.9999999999998,
    1666.9999999999998,
    1656.9999999999998,
    1649.9999999999998,
    1646.9999999999998,
    1643.9999999999998,
    1644.9999999999998,
    1646.9999999999998,
    1646.9999999999998,
    1649.9999999999998,
    1653.9999999999998,
    1655.0,
    1654.0,
    1651.0,
    1648.0,
    1645.0,
    1641.0,
    1638.0,
    1626.0,
    1618.0,
    1602.0,
    1590.0,
    1517.0,
    1443.0,
    1355.0,
    1169.0,
    958.0000000000001,
    878.0000000000001,
    637.0000000000001
  ],