{
  "name": "Mexico City Grand Prix",
  "year": 2021,
  "round": 18,
  "rotation": 36.0,
  "x": [
    -836.2512358917994,
    -691.8926537424135,
    -543.1224331109428,
    -392.3676249805123,
    -239.40699760903942,
    -85.41612150110905,
    71.58959084223854,
    228.8165349276687,
    388.2492982541411,
    541.652389109779,
    710.7933563687508,
    873.095634162513,
    1036.7947142029427,
    1202.1118282321222,
    1368.2379592556767,
    1535.9821242679814,
    1705.932108521328,
    1892.428986172384,
    2069.4388916330226,
    2243.433960858244,
    2418.2380470778407,
    2594.0723820338944,
    2770.1279487320307,
    2946.4047471722497,
    3123.1240090966335,
    3300.0645027631,
    3478.6230304183164,
    3657.990575067907,
    3833.313034745623,
    4012.680579395215,
    4193.444926291473,
    4374.797058440024,
    4556.370422330658,
    4738.752803215666,
    4920.547398848383,
    5102.92977973339,
    5285.899945870691,
    5469.679129002367,
    5653.824865644253,
    5839.367404532806,
    6024.9099434213595,
    6209.86469705762,
    6396.216252940549,
    6581.980023571184,
    6768.331579454113,
    6954.683135337041,
    7139.859120715384,
    7318.341738396645,
    7504.693294279573,
    7690.45706491021,
    7877.617637787513,
    8063.96919367044,
    8248.923947306701,
    8426.009762741296,
    8588.387950509012,
    8734.219244879021,
    8865.121679840071,
    8993.154600333828,
    9104.198163945715,
    9204.060811404479,
    9297.154181192205,
    9384.066058561188,
    9468.62029674122,
    9548.611076491252,
    9622.641595564626,
    9691.299639213628,
    9753.409636933678,
    9808.605035214563,
    9856.740512288157,
    9898.991638659041,
    9933.961612080553,
    9968.046658533734,
    9999.040958777543,
    10031.432061268019,
    10067.50169522016,
    10107.104538865839,
    10155.461247681513,
    10203.824454676971,
    10261.674633862845,
    10319.676632996629,
    10381.433073566033,
    10447.089277339184,
    10517.744904846712,
    10579.722577158198,
    10651.989740474695,
    10716.823930893906,
    10776.430967656876,
    10827.650692760059,
    10874.74942291741,
    10915.742570629973,
    10951.805706402332,
    10986.76268346428,
    11021.422518810188,
    11055.563980697976,
    11088.232730365144,
    11119.207536069605,
    11149.076183063653,
    11177.250886094998,
    11202.334842916971,
    11224.549285271654,
    11243.894213159045,
    11259.560609584774,
    11272.357491543213,
    11282.727322518525,
    11291.845673015298,
    11300.666881796034,
    11307.648824845939,
    11313.607017339165,
    11322.718869656157,
    11334.18186298232,
    11348.874426106197,
    11363.864130946113,
    11380.617191542906,
    11398.545822644284,
    11414.856419756912,
    11432.930372626417,
    11449.974076759465,
    11466.796549150431,
    11482.588772804938,
    11497.571979465072,
    11511.524937388747,
    11523.859861323674,
    11533.988966017558,
    11540.51544922373,
    11547.553807708244,
    11552.83530861566,
    11555.848076667644,
    11556.806845426494,
    11557.114915318663,
    11558.017268642907,
    11561.353171130057,
    11565.738816893012,
    11575.332121772863,
    11589.634206850835,
    11610.629659625889,
    11637.509463103652,
    11671.303866020577,
    11708.26492512083,
    11752.72836891254,
    11802.93084163883,
    11857.918004537198,
    11914.45378963014,
    11974.522784416622,
    12036.064491423727,
    12098.193983683122,
    12156.057159228563,
    12209.432786317962,
    12258.099633209238,
    12301.248682908019,
    12340.27673766097,
    12372.611424716837,
    12395.901603066453,
    12413.895215965656,
    12422.623088416523,
    12421.863988676974,
    12414.266199472215,
    12401.226523048914,
    12381.12692541832,
    12358.74559857273,
    12334.891559506517,
    12307.946774230932,
    12279.08681325056,
    12238.957029783545,
    12213.990333827138,
    12189.17545781864,
    12159.879531533885,
    12126.766250199118,
    12091.453647803093,
    12046.805893164563,
    11997.677088249773,
    11946.494284041852,
    11893.257480540797,
    11839.21815822515,
    11786.948689846164,
    11738.212431160713,
    11692.200365174425,
    11647.882243150843,
    11606.654867336632,
    11566.754881974917,
    11528.548840575906,
    11491.815511397517,
    11452.806951183915,
    11414.09553268635,
    11374.139131890026,
    11332.052821826615,
    11274.102808131089,
    11227.611357765376,
    11176.784178891532,
    11124.636107744978,
    11069.54911033696,
    11012.332203661854,
    10954.160958224247,
    10896.065622760594,
    10836.206931540064,
    10775.981686809324,
    10714.580871573999,
    10649.798666593046,
    10589.642833656479,
    10523.242594686775,
    10452.500129029162,
    10377.263616735725,
    10302.020606262506,
    10219.711176402212,
    10125.411813394423,
    10027.060867234975,
    9924.658337923871,
    9814.456282205272,
    9700.057321566888,
    9580.728348988301,
    9459.636020652835,
    9330.093467043193,
    9202.908552622503,
    9074.112102392844,
    8945.100918600887,
    8817.638357003507,
    8689.885151869872,
    8558.96529055291,
    8423.039507321786,
    8283.062140939006,
    8141.826795897905,
    8001.318059697441,
    7862.932734584282,
    7727.922301036967,
    7603.934465515083,
    7473.246764116334,
    7351.527661449882,
    7230.838807519886,
    7127.436452187804,
    7016.759442086128,
    6907.4857324109025,
    6801.0121254087935,
    6695.429943554797,
    6589.121152860163,
    6485.024679586355,
    6383.50707724358,
    6285.5226845943425,
    6188.277897145308,
    6091.551483154393,
    5992.3286063861815,
    5886.412361920887,
    5775.42078374726,
    5661.995656410727,
    5534.153544943571,
    5397.848211842674,
    5256.315725085535,
    5112.059045629234,
    4966.9174392046025,
    4819.936567049138,
    4671.482982673052,
    4520.7476690819685,
    4369.127428522555,
    4217.210046247105,
    4063.5987200089494,
    3907.9268962978786,
    3753.7971966016034,
    3598.5613381949156,
    3444.2798185507304,
    3303.233214352799,
    3147.8455359982013,
    2992.0153941594385,
    2820.004912433177,
    2659.24475865421,
    2502.896243357327,
    2347.135513312737,
    2190.3445345316895,
    2032.1567535039744,
    1873.9689724762595,
    1714.1631574597948,
    1556.1966081741623,
    1412.9376865554063,
    1284.828856087692,
    1171.4276532868541,
    1074.2067903735153,
    986.9153631347583,
    899.3332923597463,
    816.3146800147289,
    734.2569046119963,
    653.3811978936311,
    572.0695258708832,
    495.1000805360476,
    423.281878883499,
    354.0425481619852,
    286.79430311921374,
    215.80461300038723,
    158.78294534823496,
    99.34072489274021,
    41.004663147657865,
    -32.8285487193289,
    -91.0127905165014,
    -150.81506630242376,
    -208.70866456334113,
    -263.5180147946687,
    -313.92222472369383,
    -364.47825460062893,
    -413.34683869464146,
    -460.1614234955216,
    -507.71561349660413,
    -555.0550699353865,
    -606.3701995518711,
    -656.6615786116806,
    -702.1053538850229,
    -742.4802936298152,
    -775.3593468629331,
    -799.4910331058362,
    -817.3024033416499,
    -829.7477963328762,
    -842.6356528082675,
    -853.9813852688641,
    -869.3722027013351,
    -889.617122100056,
    -918.4640867208637,
    -957.2339888364709,
    -1003.7210092058355,
    -1057.5585943187468,
    -1114.9228909454132,
    -1179.6377523156266,
    -1250.5276079248022,
    -1314.578774068768,
    -1388.3381441452334,
    -1463.9367799525312,
    -1541.3746814906615,
    -1615.7977467933742,
    -1684.33646139338,
    -1749.196644531721,
    -1813.0959907277768,
    -1875.225482987173,
    -1936.0969965882473,
    -1993.359390521829,
    -2044.4402920366663,
    -2089.049057596504,
    -2128.58248944801,
    -2164.216158095768,
    -2195.9500635397794,
    -2224.0054375221257,
