{
  "name": "Miami Grand Prix",
  "year": 2024,
  "round": 6,
  "rotation": 2.0,
  "x": [
    1825.2429712105316,
    1934.550955477345,
    2097.978336967353,
    2277.710067159989,
    2374.7112660322505,
    2526.9359514448333,
    2652.548284414275,
    2763.8550503351266,
    2903.7729503531577,
    3044.690241198208,
    3255.926579478973,
    3384.467285936067,
    3554.855503718506,
    3698.596469561101,
    3755.6791397686507,
    4061.045407850077,
    4322.565382952119,
    4551.511560145608,
    4665.502403077195,
    4806.280095935435,
    4874.879557690732,
    4898.493737652817,
    4957.169090131327,
    5019.610404018351,
    5056.962248739789,
    5076.708953038611,
    5065.208040303575,
    5030.848041956557,
    4997.57943834931,
    4954.421624961981,
    4918.77034523697,
    4858.936983260638,
    4796.210147293356,
    4694.043865273203,
    4619.686028926071,
    4563.526624445498,
    4525.0548539583,
    4514.49622763423,
    4516.533093020329,
    4520.372037657604,
    4511.755088571522,
    4482.975825461545,
    4454.310771183672,
    4379.01383266093,
    4354.3907515298315,
    4147.884908351973,
    4012.110538099543,
    3876.6724682367853,
    3685.5477080345786,
    3443.000322197265,
    3283.005785961456,
    3173.4217899563805,
    3047.6381437387845,
    2905.5850483152626,
    2661.6162934551426,
    2604.232222354624,
    2333.463922990496,
    2112.0020745399756,
    1975.4662414667293,
    1786.6003958441115,
    1773.3291191192432,
    1626.240985828566,
    1368.7756784506512,
    1219.6189645125305,
    902.8628082928132,
    779.24925697741,
    584.1776694124626,
    327.3405529751928,
    181.77530296207206,
    -135.02526309634345,
    -308.4909626952405,
    -490.0437928230443,
    -605.9382292605569,
    -716.5216160926515,
    -971.7818867075932,
    -1092.473390641982,
    -1127.7185709839168,
    -1232.350022692595,
    -1414.7467668478967,
    -1521.2500968011566,
    -1742.8229698484224,
    -1916.1712763798582,
    -2093.9835342538568,
    -2252.8549604885484,
    -2403.3949597174155,
    -2483.5810120138653,
    -2569.18281240584,
    -2698.6309057771987,
    -2777.2242758026864,
    -2985.925645401523,
    -3481.5187971128867,
    -3697.907523964191,
    -3867.80078032208,
    -3977.0103922054236,
    -4096.851613641599,
    -4162.773324492799,
    -4215.633155599346,
    -4270.710675682141,
    -4294.610377724483,
    -4293.150924969616,
    -4280.783850923655,
    -4256.005292993034,
    -4211.029521541817,
    -4176.444247401872,
    -4094.9447088080815,
    -4050.0641255049763,
    -3988.1589986458434,
    -3891.3449918344477,
    -3770.9294996383214,
    -3695.870489121782,
    -3634.8727491769146,
    -3544.857775751791,
    -3439.886839418083,
    -3279.8098096115154,
    -3152.5381796130655,
    -2940.759328197771,
    -2703.6467111399743,
    -2604.1137278211418,
    -2327.3617780722525,
    -2076.628889322563,
    -1954.9697098224997,
    -1775.4505608454365,
    -1563.370308537173,
    -1433.5193000180957,
    -1317.7295620706907,
    -1187.018760711404,
    -890.7231775372701,
    -639.1907845987805,
    -486.42358605166885,
    -363.56831332172504,
    -51.93287277527969,
    311.67089077615867,
    616.3803945268753,
    761.3269639413468,
    1034.7539511615025,
    1178.3997288559856,
    1258.9442864614557,
    1629.5945641114415,
    1773.2530363832782,
    1964.5110684656572,
    2104.06727893931,
    2280.984844476397,
    2442.6323516345774,
    2606.2437409500935,
    2803.079324034157,
    3118.5061151438217,
    3286.4513681570857,
    3541.483221107821,
    3849.9935857637524,
    4158.770451815951,
    4416.124692233043,
    4592.458476668183,
    4762.6912176511005,
    5050.909180638323,
    5251.25054984127,
    5499.759381143996,
    5581.836332369018,
    5729.105289249846,
    5956.277918218145,
    6085.662538702736,
    6281.20365617345,
    6443.149379989241,
    6590.313638379962,
    6736.44360644696,
    6948.764970996784,
    7111.675186142892,
    7289.262168223964,
    7481.491017743298,
    7624.343617355618,
    7843.89231959414,
    8015.099062249369,
    8214.69484744421,
    8534.122343733232,
    8670.699402409819,
    8877.941319253787,
    9005.4889609905,
    9163.319728430755,
    9277.875289416219,
    9408.931901507172,
    9529.715409354316,
    9588.86347597395,
    9648.557239963471,
    9680.1062578903,
    9713.270163007439,
    9753.439314255704,
    9757.922286282259,
    9711.35383256008,
    9624.089550903738,
    9600.370672451547,
    9545.832481267922,
    9464.647038144452,
    9383.321997034174,
    9329.538900200652,
    9310.851875380258,
    9248.026667029506,
    9211.778911625195,
    9193.11409172415,
    9175.575566059582,
    9172.285503027551,
    9174.97909038028,
    9202.051462387193,
    9242.093710226003,
    9246.846367884182,
    9274.467621496338,
    9315.836050209844,
    9356.588982560059,
    9423.151578929257,
    9476.350894660834,
    9580.44934357698,
    9670.115322035077,
    9745.034734564808,
    9891.910286639912,
    10023.480880839406,
    10125.510749108109,
    10160.035734596646,
    10285.44499669251,
    10402.427643634437,
    10463.387299847243,
    10499.200382478413,
    10540.89241700424,
    10563.29462492373,
    10573.367842529322,
    10578.304508013009,
    10569.319500911832,
    10537.94179623316,
    10495.02509508739,
    10450.249210274393,
    10383.321740125457,
    10392.33527825262,
    10403.477685678636,
    10419.848649139312,
    10432.095145882455,
    10457.622429692461,
    10475.516276430692,
    10500.021964494332,
    10527.037232085191,
    10538.795135874498,
    10538.99183827736,
    10532.389507293949,
    10507.763241927492,
    10461.185277863317,
    10427.402692147529,
    10420.267358371586,
    10383.59129866485,
    10330.785387738995,
    10268.055367536357,
    10227.730739488568,
    10150.219253860858,
    10056.85711298765,
    9904.67051130713,
    9787.602186559085,
    9677.564497096877,
    9501.497214058005,
    9376.433762693807,
    9245.373966367495,
    9143.331403521439,
    8894.203891620064,
    8734.126861813498,
    8619.092218216194,
    8464.012142544721,
    8329.954173737353,
    8208.923185177933,
    8112.911866790696,
    7787.865551532573,
    7628.857711546429,
    7452.825328004257,
    7213.796422863182,
    7046.758556764183,
    6684.6998814096505,
    6528.690213904563,
    6386.672017977744,
    6035.606641720422,
    5906.545627048148,
    5645.425425222544,
    5399.2611863055245,
    5051.054384542449,
    4732.864207086649,
    4497.693267266839,
    4141.49133888761,
    3988.375145373474,
    3697.203419743892,
    3456.0710344586705,
    3196.914714790402,
    3057.824892351235,
    2854.7042579894414,
    2658.5793594167812,
    2379.400323711428,
    2186.273597619825,
    2133.236084794408,
    1746.1228397709929,
    1516.1233515697909,
    1340.1258675243225,
    1074.1134100537306,
    914.1061792405678,
    59.033730695298395,
    -188.95479239224736,
    -366.9859575884564,
    -490.98021913222925,
    -668.0119935014193,
    -903.2178328179317,
    -1061.5054779506763,
    -1253.0173168519686,
    -1552.8821590317534,
    -1770.5177574223521,
    -1876.8021800534013,
    -1964.0283779776826,
    -2144.3724202982526,
    -2219.361631821387,
    -2346.039970375895,
    -2447.4892417780075,
    -2503.9310264675587,
    -2552.2380865541463,
    -2586.4838760690623,
    -2617.4871966260034,
    -2632.8143594209614,
    -2654.3694690775983,
    -2662.0727051427775,
    -2659.3505443999825,
    -2651.203125219666,
    -2630.539523664583,
    -2612.5028947041837,
    -2589.364613118581,
    -2547.8185026862047,
    -2491.141931861732,
    -2413.198957696238,
    -2332.5719065200096,
    -2252.2240513174006,
    -2204.275496539833,
    -2054.084492277991,
    -1972.3533517846358,
    -1839.884881012871,
    -1811.4482443992035,
    -1628.5343339000024,
    -1464.1456453150356,
    -1345.8812273371107,
