{
  "name": "Monaco Grand Prix",
  "year": 2021,
  "round": 5,
  "rotation": 315.0,
  "x": [
    -10077.685845470676,
    -9971.619828292693,
    -9864.139597552337,
    -9746.052765094184,
    -9625.84461229247,
    -9502.808032366012,
    -9376.943025314806,
    -9250.370911482414,
    -9133.698292586634,
    -9030.460702533399,
    -8937.122607416773,
    -8855.098220799133,
    -8778.730688430987,
    -8709.434223874705,
    -8641.551972880798,
    -8575.083935449262,
    -8511.444325142473,
    -8447.097608054495,
    -8382.75089096652,
    -8321.23260100329,
    -8259.714311040061,
    -8196.781807514459,
    -8146.5772260502135,
    -8078.694975056304,
    -8002.327442688157,
    -7920.303056070518,
    -7831.9147084222,
    -7735.748186180829,
    -7633.924809689967,
    -7527.151685730799,
    -7416.13592108451,
    -7301.584622532289,
    -7184.912003636509,
    -7066.118064397169,
    -6943.788591251897,
    -6812.973836732385,
    -6689.2301500247395,
    -6569.729104004213,
    -6453.056485108433,
    -6335.676759431465,
    -6212.640179505006,
    -6076.87567751719,
    -5925.554826343268,
    -5770.698441263415,
    -5620.084696870679,
    -5474.420699946251,
    -5333.706450490128,
    -5198.649055283498,
    -5049.449524453135,
    -4912.977915684132,
    -4787.820015414113,
    -4664.783435487654,
    -4554.474777622553,
    -4433.559518039653,
    -4313.35136523794,
    -4195.971639560973,
    -4084.2487681334987,
    -3978.1827509555164,
    -3879.8949083705866,
    -3790.7994539410815,
    -3707.360853761069,
    -3639.4786027671603,
    -3580.788739928677,
    -3531.2912652456184,
    -3490.9861787179852,
    -3460.5805871269636,
    -3439.367383691367,
    -3425.932354848823,
    -3416.7399666933975,
    -3404.7191514132264,
    -3384.920161540003,
    -3350.979036043049,
    -3303.60288170355,
    -3240.6703781779474,
    -3167.1312729345464,
    -3087.228206660466,
    -3001.668286136894,
    -2935.907355486545,
    -2837.619512901615,
    -2732.2606025048194,
    -2620.5377310773447,
    -2502.4508986191913,
    -2392.14224075409,
    -2270.519874390004,
    -2148.190401244731,
    -2019.4969670687794,
    -1853.3268734899407,
    -1725.3405460951756,
    -1611.4963543241415,
    -1511.7942981768383,
    -1424.1130573097064,
    -1349.1597385039324,
    -1283.3988078535833,
    -1225.4160517962866,
    -1178.7470042379746,
    -1143.3916651786471,
    -1120.057141399491,
    -1107.3292193381333,
    -1103.7936854322004,
    -1111.5718600252526,
    -1127.1282092113565,
    -1150.4627329905127,
    -1178.039897456788,
    -1207.7383822666231,
    -1238.8510806388313,
    -1269.2566722298527,
    -1301.783584164434,
    -1335.7247096613883,
    -1366.1303012524097,
    -1391.5861453751256,
    -1399.3643199681776,
    -1410.6780284671624,
    -1414.9206691542815,
    -1412.799348810722,
    -1402.1927470929238,
    -1385.2221843444465,
    -1362.594767346477,
    -1330.7749621930825,
    -1300.369370602061,
    -1272.085099354599,
    -1249.4576823566294,
    -1230.3657992645926,
    -1215.5165568596753,
    -1204.2028483606905,
    -1193.5962466428923,
    -1186.5251788310268,
    -1182.2825381439075,
    -1179.4541110191612,
    -1178.0398974567881,
    -1178.7470042379748,
    -1177.3327906756017,
    -1172.3830432072957,
    -1159.655121145938,
    -1134.9063838044087,
    -1100.258151526268,
    -1055.0033175303288,
    -1004.798736066084,
    -951.7657274770928,
    -900.146932450475,
    -845.6997102991107,
    -756.6042558696057,
    -697.9143930311222,
    -640.638743755012,
    -572.7564927611035,
    -506.9955621107545,
    -453.9625535217635,
    -410.8290398693841,
    -380.4234482783625,
    -366.2813126546316,
    -370.5239533417509,
    -390.32294321497426,
    -419.3143212436227,
    -453.96255352176354,
    -493.56053326821024,
    -498.51028073651605,
    -534.57272657703,
    -586.8986283848345,
    -645.588491223318,
    -709.9352083112938,
    -781.3529932111351,
    -859.8418459228419,
    -941.8662325404814,
    -1026.719046282867,
    -1113.6931803688126,
    -1205.6170619230636,
    -1303.1977977268073,
    -1409.970921685976,
    -1525.2293270193832,
    -1647.558800164656,
    -1774.130913997048,
    -1906.3598820789323,
    -2042.831490847936,
    -2168.6964978991414,
    -2310.824960917638,
    -2456.4889578420666,
    -2605.688488672428,
    -2795.1931060304228,
    -2954.292131797396,
    -3114.805371126742,
    -3274.611503674902,
    -3433.710529441875,
    -3592.102448427662,
    -3749.0801538510755,
    -3908.1791796180487,
    -4068.692418947395,
    -4235.56961930742,
    -4396.789965417953,
    -4555.18188440374,
    -4714.280910170713,
    -4870.55150881294,
    -5023.99368033042,
    -5173.193211160782,
    -5317.442994522838,
    -5445.4293219176025,
    -5555.030873001518,
    -5649.783181680515,
    -5731.807568298154,
    -5803.225353197996,
    -5868.279177067158,
    -5926.969039905642,
    -5981.416262057005,
    -6033.0350570836235,
    -6062.026435112271,
    -6120.009191169569,
    -6177.284840445679,
    -6230.31784903467,
    -6277.6940033741685,
    -6322.241730588921,
    -6360.425496772995,
    -6395.073729051136,
    -6425.479320642157,
    -6453.763591889619,
    -6481.340756355894,
    -6509.625027603356,
    -6542.151939537938,
    -6581.749919284384,
    -6636.904248216935,
    -6742.26315861373,
    -6819.337797763064,
    -6901.362184380704,
    -6985.507891341903,
    -7073.189132209035,
    -7165.113013763285,
    -7261.279536004657,
    -7360.981592151959,
    -7462.804968642822,
    -7567.456772258432,
    -7672.815682655227,
    -7822.722320266775,
    -7925.959910320011,
    -8024.247752904941,
    -8115.464527678006,
    -8198.196021076832,
    -8297.898077224134,
    -8400.428560496184,
    -8501.54483020586,
    -8601.246886353163,
    -8703.070262844027,
    -8804.89363933489,
    -8906.717015825752,
    -9009.2474990978,
    -9083.49371112239,
    -9169.760738427149,
    -9271.58411491801,
    -9370.579064284128,
    -9460.381625494818,
    -9530.385196832287,
    -9563.619215548055,
    -9569.276069797548,
    -9613.116690231114,
    -9677.463407319088,
    -9745.345658312997,
    -9817.470549994026,
    -9894.54518914336,
    -9976.569575761,
    -10052.23000134796,
    -10120.819359123056,
    -10184.458969429845,
    -10245.977259393074,
    -10307.495549356303,
    -10371.842266444279,
    -10439.017410657001,
    -10514.677836243962,
    -10583.974300800242,
    -10640.542843295167,
    -10689.33321119704,
    -10733.880938411792,
    -10777.014452064172,
    -10817.319538591804,
    -10857.624625119437,
    -10895.808391303512,
    -10930.456623581653,
    -10959.4480016103,
    -10982.07541860827,
    -10995.510447450813,
    -11000.46019491912,
    -10994.803340669629,
    -10984.19673895183,
    -10968.640389765726,
    -10953.79114736081,
    -10941.063225299451,
    -10931.16373036284,
    -10926.213982894533,
    -10926.92108967572,
    -10938.234798174704,
    -10965.104855859794,
    -11006.8241559498,
    -11052.078989945738,
    -11093.798290035744,
    -11132.689163001005,
    -11168.751608841518,
    -11204.106947900846,
    -11235.92675305424,
    -11273.403412457128,
    -11313.001392203574,
    -11356.84201263714,
    -11345.528304138155,
    -11399.97552628952,
    -11453.715641659697,
    -11501.091795999197,
    -11540.689775745643,
    -11574.630901242597,
    -11600.086745365312,
    -11614.228880989043,
    -11615.643094551417,
    -11604.329386052432,
    -11581.701969054462,
    -11554.124804588188,
    -11520.89078587242,
    -11484.828340031905,
    -11450.180107753764,
    -11419.067409381556,
    -11394.318672040028,
    -11373.812575385617,
    -11356.134905855954,
    -11337.043022763917,
    -11311.5871786412,
    -11274.8176260195,
    -11229.562792023562,
    -11176.529783434571,
    -11117.839920596087,
    -11054.907417070484,
    -10996.217554232,
    -10926.92108967572,
    -10855.503304775877,
