{
  "name": "Portuguese Grand Prix",
  "year": 2021,
  "round": 3,
  "rotation": 74.0,
  "x": [
    -1876.1506774467744,
    -2053.622670902955,
    -2232.3315634108917,
    -2411.0404559188282,
    -2589.7493484267648,
    -2768.7338782905185,
    -2948.404032494393,
    -3127.1129250023296,
    -3307.0587165620213,
    -3486.7288707658963,
    -3666.674662325588,
    -3845.3835548335246,
    -4025.0537090373996,
    -4204.999500597091,
    -4384.669654800966,
    -4548.818334142498,
    -4729.725387398128,
    -4909.395541602003,
    -5090.302594857633,
    -5284.808599583729,
    -5472.585772438258,
    -5654.736662844485,
    -5835.650654198957,
    -6016.289008197613,
    -6196.241737856148,
    -6376.880091854803,
    -6542.40695797542,
    -6724.826547638622,
    -6906.546636764018,
    -7090.592298166754,
    -7271.7541744816735,
    -7452.230426456473,
    -7632.706678431271,
    -7804.941562126929,
    -7941.878462329844,
    -8088.979254203777,
    -8230.85681251487,
    -8355.41778410139,
    -8457.573285028984,
    -8548.165893209949,
    -8630.341154890231,
    -8707.95799305127,
    -8767.593434444141,
    -8802.36348327226,
    -8821.308667486848,
    -8837.680394463652,
    -8870.386632172565,
    -8916.953582510076,
    -8962.417983424319,
    -8985.497727976162,
    -8972.848687754433,
    -8936.988079102854,
    -8889.726679728503,
    -8833.135238849427,
    -8755.954253470185,
    -8667.930690178646,
    -8590.08489475581,
    -8526.678839068574,
    -8472.623639182591,
    -8421.87608756641,
    -8372.923647812462,
    -8323.9850842562,
    -8273.823497845866,
    -8224.771398957642,
    -8177.380062303162,
    -8129.585676763221,
    -8085.098939493084,
    -8046.527998224748,
    -8012.49466617913,
    -7984.101492779496,
    -7959.977229345605,
    -7937.782427402433,
    -7915.453275830773,
    -7894.0853859550525,
    -7868.872449295578,
    -7845.030761316346,
    -7816.530990683595,
    -7809.13041066959,
    -7785.1821254572405,
    -7759.452604580343,
    -7732.903109734838,
    -7698.522233594496,
    -7646.4147837452765,
    -7572.870063031912,
    -7475.8242603351955,
    -7352.803577551617,
    -7235.119663662838,
    -7097.772776475619,
    -6953.138844606355,
    -6817.021918372048,
    -6682.000603462167,
    -6542.851666313874,
    -6399.716394654498,
    -6252.870425839856,
    -6105.338832685093,
    -5953.686555390758,
    -5800.111754704548,
    -5643.101894218888,
    -5484.169510341352,
    -5323.038965716122,
    -5160.671522039138,
    -4995.420293274337,
    -4828.9321654577825,
    -4661.482775945288,
    -4516.424980894036,
    -4360.793307187461,
    -4191.979607093567,
    -4018.225248891494,
    -3844.7465280452384,
    -3669.069646451289,
    -3493.3927648573394,
    -3316.7546215674515,
    -3140.8021026176853,
    -2966.0864827196738,
    -2802.771653544435,
    -2657.8620843193544,
    -2530.3965133484926,
    -2420.509290260338,
    -2334.2436225863366,
    -2245.9141437931294,
    -2167.7485566709393,
    -2101.6693846116427,
    -2048.0866145995446,
    -2001.3670260875017,
    -1960.6837070080635,
    -1929.471717160679,
    -1907.4554191895306,
    -1894.3661138376444,
    -1886.9100290329006,
    -1883.164641383423,
    -1893.9794669003497,
    -1914.9581840882936,
    -1945.6908059629504,
    -1989.336754967952,
    -2048.7798161911132,
    -2114.6830100288685,
    -2192.1213442178832,
    -2267.9127923708384,
    -2347.2736499517296,
    -2465.4949623544585,
    -2559.00604611745,
    -2658.8359747677055,
    -2764.984748305225,
    -2874.7029312706804,
    -2990.188684411766,
    -3108.2825852848496,
    -3230.2215329416863,
    -3356.2811647380936,
    -3485.910205962437,
    -3618.2886826461076,
    -3754.6534938408618,
    -3896.792813310088,
    -4042.091555222946,
    -4186.435973538709,
    -4334.2293278516045,
    -4489.316664945387,
    -4647.845999937462,
    -4803.498487940563,
    -4958.203590445411,
    -5114.979442168307,
    -5270.794032195266,
    -5425.096085814652,
    -5582.41627415034,
    -5739.312599304039,
    -5897.015022228662,
    -6036.015733550784,
    -6181.717524349104,
    -6322.443966545034,
    -6443.097448458218,
    -6547.381729145082,
    -6641.898228947549,
    -6725.713438565049,
    -6799.929907420851,
    -6867.014495519622,
    -6927.101552489851,
    -6950.009731168514,
    -6988.263406487978,
    -7011.4125320282465,
    -7018.905833077684,
    -7010.743309636292,
    -6986.098049636619,
    -6946.623877213567,
    -6898.915274610216,
    -6844.484778234139,
    -6784.979274121397,
    -6719.027513591745,
    -6647.449470613794,
    -6569.559520847421,
    -6488.9270737205625,
    -6405.276491877401,
    -6317.370876266183,
    -6224.114615562481,
    -6124.680797698846,
    -6019.7550470153965,
    -5910.022987852256,
    -5806.334136220563,
    -5685.7525610462835,
    -5561.0503017324345,
    -5432.502995634833,
    -5283.903543551012,
    -5121.846427724056,
    -4980.251444867621,
    -4836.048314279189,
    -4686.763237855248,
    -4534.594376343492,
    -4381.18861577998,
    -4223.937808432715,
    -4064.488840337757,
    -3905.0329341439565,
    -3748.715636097261,
    -3587.4299275470166,
    -3427.494653380488,
    -3267.8142022732495,
    -3121.308839454488,
    -2990.445424928872,
    -2865.0531289265414,
    -2744.050216320756,
    -2626.6236512417495,
    -2508.1014748383172,
    -2389.854935790702,
    -2270.095860335514,
    -2150.3367848803264,
    -2034.2884065804044,
    -1923.1945625863464,
    -1816.1009293010559,
    -1719.8845644222733,
    -1612.005647662586,
    -1505.7944312354855,
    -1400.4240030735205,
    -1297.816886568568,
    -1199.4786800293577,
    -1109.1131425123135,
    -1027.6815357133733,
    -954.7738726482331,
    -890.3901533168928,
    -836.4529011112292,
    -795.1602767789354,
    -766.3779306915247,
    -749.0102515245713,
    -743.608513989709,
    -741.2318492699914,
    -737.3426481427015,
    -732.0821983351689,
    -727.7899483224169,
    -726.7984084806266,
    -728.8111271574538,
    -730.3999826522921,
    -732.1717544675141,
    -731.8866532623723,
    -725.8339818816005,
    -710.4443308972624,
    -684.8907882419072,
    -647.7951671364499,
    -591.1917366575667,
    -514.2535847378069,
    -429.1945379697091,
    -320.648285415945,
    -206.04494913304922,
    -79.06568423375796,
    63.30764399823114,
    207.05915900930523,
    345.0431038447494,
    476.29821680862534,
    593.4100416892435,
    696.3855165854462,
    788.7940509251698,
    867.2005849089653,
    910.1817238703726,
    980.6294650296869,
    1039.1390169522795,
    1093.2661235771693,
    1144.6576709404162,
    1192.479808875727,
    1233.9969781214586,
    1269.7535152904024,
    1299.8837700110464,
    1323.695179844426,
    1340.2264830946037,
    1350.30459182903,
    1351.7313453000115,
    1343.8211191674268,
    1323.965765699278,
    1287.0833390600565,
    1241.1395701730858,
    1193.5489152500552,
    1151.0332680636911,
    1103.3082635121734,
    1037.4813887616842,
    978.2212438589066,
    905.5034352129927,
    830.4531161908977,
    755.6784345246197,
    685.1587866263992,
    620.6754081607835,
    561.4083251591636,
    508.31879931747784,
    466.6300641985647,
    441.1484282821156,
    432.42516627976465,
    439.22337913975633,
    463.3243025266379,
    501.2928766409603,
    551.616565075151,
    684.1060513402997,
    781.3972132469809,
    870.4261925779944,
    963.5689179497357,
    1060.274114650571,
    1160.5417826805003,
    1267.121357498851,
    1376.1677923218701,
    1486.4441880978022,
    1593.5472852324174,
    1691.8369250797311,
    1777.7367601129647,
    1846.1717825954518,
    1914.1760037971073,
    1979.3033780097903,
    2019.8895637054356,
    2098.7571771159146,
    2182.155461650268,
    2268.4375312724364,
    2353.8926888271535,
    2439.7578333661754,
    2527.2698639412565,
    2613.954982448887,
    2696.3781290896172,
    2765.1953861610396,
