{
  "name": "Sakhir Grand Prix",
  "year": 2020,
  "round": 16,
  "rotation": 92.0,
  "x": [
    -1347.397699779874,
    -1531.5299084283051,
    -1699.7067633411332,
    -1884.9081618099885,
    -2071.1089511058626,
    -2276.3330656118023,
    -2447.508093005688,
    -2654.7309891656655,
    -2845.9287325966357,
    -3041.1240393356816,
    -3217.330920361365,
    -3410.527445446373,
    -3603.723970531381,
    -3797.919886443408,
    -3992.1158023554353,
    -4188.3104999215,
    -4383.540706157249,
    -4580.734794550333,
    -4759.939848057074,
    -4975.1578708332045,
    -5170.353177572251,
    -5349.558231078991,
    -5562.777472201084,
    -5757.97277894013,
    -5935.179050792833,
    -6128.375575877841,
    -6321.572100962849,
    -6526.656617481978,
    -6724.396403244949,
    -6918.9286195466475,
    -7093.542818301369,
    -7274.188261514909,
    -7449.94144908346,
    -7589.135970012733,
    -7714.513516847253,
    -7789.816823840711,
    -7887.211427518695,
    -7972.683140265855,
    -8047.1615539158065,
    -8114.7838297634335,
    -8168.37973453609,
    -8214.120110679405,
    -8261.104174126656,
    -8294.131665492341,
    -8317.269947077944,
    -8330.379420896654,
    -8337.330746847088,
    -8337.762235384873,
    -8331.02349065001,
    -8311.641660130923,
    -8284.264702995684,
    -8251.925691222054,
    -8217.622797291086,
    -8182.3205125331,
    -8145.124144611182,
    -8117.502890999026,
    -8065.699555135549,
    -8009.8637564672945,
    -7952.098975138407,
    -7895.577881113455,
    -7848.26070151189,
    -7818.07276395646,
    -7813.253491540235,
    -7848.073551815102,
    -7913.341724935028,
    -7960.259173624231,
    -8010.83788523184,
    -8053.21207324308,
    -8082.733778489884,
    -8099.507699462355,
    -8112.9693524834465,
    -8127.500195324963,
    -8140.9396434267055,
    -8137.5290454559345,
    -8115.7455181350915,
    -8082.004200386721,
    -8042.30143717294,
    -8000.59989230512,
    -7964.034899559206,
    -7930.537878287753,
    -7899.655135033631,
    -7861.824250064431,
    -7829.570916096915,
    -7799.421062273545,
    -7770.305498773898,
    -7744.524408144978,
    -7717.245823393209,
    -7699.402754964391,
    -7682.593976859294,
    -7665.7502992574955,
    -7649.3476205354755,
    -7629.06477157284,
    -7607.224139835945,
    -7581.316145797569,
    -7555.408151759193,
    -7532.939329081653,
    -7512.57398654826,
    -7488.18887578744,
    -7469.717616417977,
    -7452.5122492718,
    -7441.465029993896,
    -7428.999625928543,
    -7408.783391723955,
    -7385.870385931278,
    -7356.5771407127595,
    -7318.695477434146,
    -7275.2235685764945,
    -7215.447311016214,
    -7136.1242357953315,
    -7056.277668123912,
    -6978.080887139505,
    -6906.635545467314,
    -6820.919536243236,
    -6738.991693347019,
    -6655.924861636973,
    -6602.363856361018,
    -6513.77657806534,
    -6418.193563980527,
    -6328.781392341341,
    -6218.277314844648,
    -6103.229976669991,
    -5993.842683067777,
    -5859.204117393819,
    -5736.326639744526,
    -5590.406068657742,
    -5458.651466632738,
    -5342.74751985323,
    -5202.242696861972,
    -5072.521775987709,
    -4939.837582129091,
    -4828.756092001166,
    -4691.074944007452,
    -4537.508241271541,
    -4393.411954355283,
    -4236.044390714157,
    -4083.0804897641838,
    -3942.6898756050286,
    -3771.7242451913585,
    -3613.1923035816963,
    -3456.135651175535,
    -3306.655331425096,
    -3170.712789795792,
    -3059.7201193452634,
    -2945.170884466437,
    -2851.8880529286316,
    -2766.8097449871943,
    -2688.2512744584087,
    -2610.286095373566,
    -2534.8431903932988,
    -2454.1717293783718,
    -2363.27475819369,
    -2267.799626834343,
    -2200.8880354981193,
    -2107.097590322488,
    -2014.6428363635468,
    -1921.4551929738536,
    -1822.3632085347997,
    -1716.5070902061761,
    -1612.5450550414832,
    -1508.6179193734931,
    -1411.8610169781489,
    -1301.867737354639,
    -1188.6668882698568,
    -1084.5303556216516,
    -955.8849506744504,
    -844.6828832437064,
    -719.1752487643726,
    -578.3975559061323,
    -460.8850480429512,
    -335.853311940099,
    -211.94787007372238,
    -110.74922125516504,
    -19.020988256261102,
    59.47086751447709,
    145.34235353807645,
    223.83420930881462,
    317.5739185391102,
    396.7986637406009,
    473.12993495114176,
    548.5316143280686,
    617.4483557890459,
    702.3331455629796,
    783.731169902021,
    867.093076398398,
    951.4543737217941,
    1029.3656326259434,
    1125.313520490492,
    1213.7770796120722,
    1294.721410493981,
    1385.1837512695993,
    1476.6454828722365,
    1569.1415047985954,
    1663.6014088822901,
    1758.0962124626874,
    1853.5904068701036,
    1943.6339536852918,
    2033.5728020103725,
    2140.4790894754287,
    2230.4179378005097,
    2337.324225265566,
    2435.7118936639317,
    2533.0652717385765,
    2621.934930243233,
    2727.7371283911625,
    2824.021316645383,
    2925.1977605445913,
    3019.88926652785,
    3128.5151396733245,
    3210.00516792512,
    3297.9452345961627,
    3362.6074216947923,
    3420.553068977909,
    3459.951289427441,
    3491.3194837641186,
    3509.0325069122,
    3514.207142766166,
    3504.18151923463,
    3484.057288942796,
    3458.447511562031,
    3417.8817712726827,
    3369.7968027436627,
    3299.795035013628,
    3215.6272982218134,
    3121.186457186188,
    3021.504365538549,
    2922.437770254202,
    2796.143326163422,
    2684.4558500142007,
    2557.6030139761806,
    2415.5848180493613,
    2282.491340572309,
    2158.2527825516186,
    2019.0582616223444,
    1862.769398143638,
    1716.4046439417175,
    1581.0331888370072,
    1416.5747012586353,
    1263.0746132807712,
    1106.6112523185523,
    948.1840091989976,
    802.8186458240962,
    624.4384856608622,
    459.22490373238884,
    292.01254014987734,
    122.83629441003015,
    -22.319671984656235,
    -194.4242912121557,
    -368.56259159039587,
    -542.7357914653386,
    -717.9083821673003,
    -854.9645234557264,
    -1034.1346774657645
  ],