{
  "name": "S\u00e3o Paulo Grand Prix",
  "year": 2021,
  "round": 19,
  "rotation": 258.0,
  "x": [
    -1310.487630230103,
    -1494.9320768482532,
    -1678.39837586567,
    -1863.0507341746381,
    -2048.118915865242,
    -2232.2089499551116,
    -2416.0910723541638,
    -2601.1592540447673,
    -2785.249288134637,
    -2970.317469825241,
    -3114.180630578315,
    -3282.974715584724,
    -3468.458720656963,
    -3652.4022539093703,
    -3825.586163553706,
    -3977.0429142910793,
    -4110.122772305329,
    -4227.7601803986545,
    -4350.826971583995,
    -4440.159510109396,
    -4515.651481387061,
    -4578.0731213269055,
    -4625.883958109098,
    -4658.460256661185,
    -4675.031781073251,
    -4679.657622585693,
    -4672.068458654339,
    -4651.701965060091,
    -4623.864703188253,
    -4590.1585557120125,
    -4553.725877124387,
    -4516.584373480202,
    -4480.128015761824,
    -4449.809866192022,
    -4434.4332531774,
    -4438.227447926572,
    -4463.432120777026,
    -4509.239304096245,
    -4566.9921703150885,
    -4627.117155117035,
    -4686.117491480783,
    -4740.165678987509,
    -4796.562305946584,
    -4847.359369845431,
    -4893.327106593962,
    -4926.432423695491,
    -4950.308962469878,
    -4957.273616895767,
    -4947.401850418364,
    -4922.857869929953,
    -4884.558412177915,
    -4831.733241252333,
    -4764.528857990668,
    -4682.737350702105,
    -4588.730837969744,
    -4483.633968231786,
    -4366.67650557831,
    -4240.584981120704,
    -4103.1951879666785,
    -3922.2045761612685,
    -3772.6848675475558,
    -3621.563276260656,
    -3468.693301463106,
    -3314.282854845724,
    -3158.8942606276087,
    -3002.1116954271233,
    -2843.372835025171,
    -2683.4479153316665,
    -2522.9606714190645,
    -2361.4952799057282,
    -2199.051740791658,
    -2051.842739907693,
    -1892.74946697746,
    -1728.9733677343759,
    -1565.1972684912914,
    -1399.6727857375572,
    -1234.1483029838228,
    -1068.6238202300885,
    -901.3509539657045,
    -735.2641469928719,
    -567.2210448185718,
    -426.85907713974376,
    -259.0238866562614,
    -90.98078448196127,
    77.83255360225495,
    245.66774408573735,
    414.27317047913573,
    580.7143899802488,
    734.0852781435419,
    872.8453631491828,
    998.8044393611766,
    1115.9979188891682,
    1230.4411881750236,
    1342.0728363653873,
    1448.9365682587922,
    1549.284000344588,
    1642.7607200944944,
    1729.9904625809647,
    1812.5136996238311,
    1888.5206368590884,
    1956.4093916135498,
    2010.3961682669203,
    2062.4643814414253,
    2111.0972384479855,
    2155.46309252333,
    2191.294940736243,
    2218.0541379983792,
    2243.12636260322,
    2259.310168817349,
    2265.35808649586,
    2254.1537598894424,
    2225.1348647789987,
    2179.9883738218236,
    2119.3380220903705,
    2048.6368718074064,
    1969.0709822644833,
    1879.662205860867,
    1782.1589261072074,
    1678.72534989579,
    1568.7991530075167,
    1455.3147782445885,
    1338.895960679459,
    1220.1050245312263,
    1097.6094096708762,
    962.5206977076965,
    841.4190538297157,
    721.7113809341042,
    600.047412837025,
    478.59135643076377,
    358.1134476252362,
    235.67924361824106,
    125.27581249497707,
    43.34743090785406,
    -74.55044762375259,
    -174.01002257887973,
    -253.84523466597574,
    -311.6839653019375,
    -346.7559785768489,
    -360.80965800136005,
    -357.40318145012543,
    -341.13428525188846,
    -309.42293913272835,
    -260.93658296363094,
    -193.30309816149287,
    -109.66483921933332,
    -16.221425139082953,
    91.00114533554847,
    207.88237011080793,
    329.8859237113069,
    458.197865428597,
    593.0261069534961,
    732.4143530845365,
    932.5091613144277,
    1074.4397059967869,
    1208.0678356382848,
    1321.032043957663,
    1419.8249516317774,
    1507.9433256819277,
    1586.781137090483,
    1657.7323568398133,
    1717.6546304368987,
    1763.2591025512577,
    1800.7076604622182,
    1822.7988584363636,
    1828.9703722545953,
    1822.5724681007503,
    1805.8307637204691,
    1779.7234067144852,
    1746.9769281941824,
    1710.3178592709444,
    1671.4945834554212,
    1630.5071007476124,
    1587.501911984981,
    1552.0289023532946,
    1507.0910975199486,
    1469.1468267292016,
    1443.1482388380784,
    1430.2813931381302,
    1430.9621130109924,
    1447.562517039768,
    1477.7718974947095,
    1519.0716349552504,
    1569.713345910741,
    1627.740735159714,
    1691.9677434106175,
    1761.000399681082,
    1832.8824087696403,
    1909.0077416586616,
    1989.168486657328,
    2071.4083485641722,
    2155.5194156883763,
    2233.4071846798965,
    2320.8448388571846,
    2409.5299631793796,
    2502.397000448682,
    2600.008274884191,
    2706.8387011079394,
    2825.8227219221294,
    2941.9573899182255,
    3065.501415338557,
    3194.4370921283003,
    3321.0857403190485,
    3440.556621907132,
    3551.455765910182,
    3649.870581925263,
    3738.7355127545766,
    3819.6524410713096,
    3890.3106591457145,
    3947.714313322234,
    3993.0494628924203,
    4021.4253698526036,
    4030.9471498546723,
    4023.5710981000934,
    4005.0810102091623,
    3977.641093074164,
    3943.769966115665,
    3906.6099838266837,
    3864.767175224851,
    3818.449452000985,
    3768.219138374184,
    3712.8901750528958,
    3657.4147108941447,
    3590.9103005831494,
    3518.1211812861156,
    3454.8205363214943,
    3399.1985713252807,
    3307.432503363422,
    3212.462670055189,
    3115.829543220414,
    3023.75642099178,
    2943.4447491027045,
    2876.080586844739,
    2821.3095216896036,
    2776.4664333792684,
    2742.9452928961036,
    2723.264719660675,
    2721.9610391483707,
    2738.887750521728,
    2772.2964702700974,
    2822.810933465932,
    2891.8251110916012,
    2978.5687672371887,
    3079.5451348813954,
    3190.009976858014,
    3306.197203601573,
    3408.0429497316527,
    3526.9567075865957,
    3637.3364595791068,
    3743.2412969495845,
    3841.235863530084,
    3927.40756891767,
    3998.6754694726783,
    4073.2936362115233,
    4146.078329455611,
    4218.631431878129,
    4294.657622191193,
    4368.080103099583,
    4439.9384330573885,
    4512.1274964127215,
    4578.362584179545,
    4639.829755649408,
    4698.693217714598,
    4754.121323611843,
    4807.092220941878,
    4859.5622049061685,
    4911.323363813899,
    4964.747816248171,
    5017.671355316699,
    5069.115833418751,
    5114.960748460573,
    5153.041893549879,
    5185.523475578955,
    5211.989671166166,
    5230.276273419225,
    5239.305992161443,
    5245.708322368234,
    5245.887354442341,
    5240.405412602864,
    5229.054585158984,
    5211.064636200785,
    5186.019742346632,
    5157.085937220296,
    5115.974858372766,
    5067.600922938464,
    5009.592012334287,
    4940.9699789595,
    4862.089235342385,
    4772.179545573025,
    4659.833871840143,
    4548.783026513674,
    4428.035795163973,
    4299.756384683327,
    4164.715030981653,
    4023.327557440586,
    3877.7581709524106,
    3726.612900534758,
    3572.471776461549,
    3414.3566511320496,
    3253.4535838378115,
    3092.342604852756,
    2930.0455665761488,
    2765.1684980256205,
    2598.4816351110876,
    2429.0068302318155,
    2258.2845552076374,
    2084.7743382187205,
    1910.994798685631,
    1736.3836123892702,
    1560.524955948003,
    1382.648593451913,
    1203.9405841925523,
    1058.8440058864212,
    879.0350273196166,
    697.0004310071716,
    514.3420996222733,
    331.83026907483764,
    148.90261514576656,
    -34.648773855757774,
    -218.8238979297354,
    -402.43669778461475,
    -587.2355569310457,
    -803.2500493168505,
    -986.7163483342672
  ],