{
  "name": "Spanish Grand Prix",
  "year": 2021,
  "round": 4,
  "rotation": 303.0,
  "x": [
    45.17483819939399,
    -129.30580457999585,
    -304.6251179273312,
    -482.16641144557235,
    -658.8690343958681,
    -837.7936375170697,
    -1016.7182406382714,
    -1196.4815143274184,
    -1377.6280976195258,
    -1542.1315416452621,
    -1724.1167955053152,
    -1906.646688400383,
    -2089.176581295451,
    -2272.545144758464,
    -2455.913708221478,
    -2640.3715497545213,
    -2823.9907207196193,
    -3008.154530719732,
    -3192.86297975486,
    -3377.571428789988,
    -3563.663187428077,
    -3748.91627549822,
    -3934.169363568363,
    -4119.422451638506,
    -4305.220178743664,
    -4491.856576416768,
    -4678.4929740898715,
    -4865.129371762975,
    -5053.149079039039,
    -5239.785476712143,
    -5417.283346199538,
    -5604.213775405572,
    -5793.409608813357,
    -5980.720917614013,
    -6169.1649285155445,
    -6357.358331914992,
    -6545.007096279423,
    -6732.949892176786,
    -6920.054017506203,
    -7091.310250106349,
    -7278.872166409089,
    -7408.662598268277,
    -7559.997920708971,
    -7694.058616786588,
    -7813.611305707047,
    -7921.128575143341,
    -8016.610425095468,
    -8097.039628855422,
    -8162.37276239236,
    -8215.921083947216,
    -8258.981055061258,
    -8292.478194364125,
    -8316.455925886663,
    -8335.401634001526,
    -8356.863353820227,
    -8385.285045684577,
    -8428.12789664439,
    -8486.698304923928,
    -8575.243733495274,
    -8679.473295355496,
    -8795.738276699885,
    -8922.06730485962,
    -9051.500407789052,
    -9181.77218128643,
    -9311.70649922003,
    -9439.876627956048,
    -9562.383246187688,
    -9674.73896954229,
    -9776.649766486926,
    -9858.56274189341,
    -9930.488581863248,
    -9983.255270862881,
    -10017.287112517772,
    -10043.510374876081,
    -10051.119125299198,
    -10039.568724752105,
    -10006.135978059732,
    -9950.025638684976,
    -9870.73649162367,
    -9770.784548579646,
    -9652.141182221729,
    -9519.794991926745,
    -9378.44054553859,
    -9230.844462263185,
    -9080.023968808537,
    -8925.685033641712,
    -8837.133345686263,
    -8676.84680516512,
    -8514.969771569778,
    -8350.162359328122,
    -8182.13053690722,
    -8011.669550844174,
    -7841.546020344905,
    -7669.4945412076595,
    -7498.281732638359,
    -7324.846943898154,
    -7151.412155157948,
    -6977.977366417743,
    -6802.614629039562,
    -6691.10125355179,
    -6512.514105994365,
    -6329.777029628058,
    -6169.25975497081,
    -6026.01710667664,
    -5899.504445710532,
    -5789.220557068318,
    -5692.104790011146,
    -5609.289846639892,
    -5539.34899332075,
    -5482.57626158665,
    -5441.1502075776525,
    -5414.482768227896,
    -5402.323336035296,
    -5402.657114300187,
    -5421.060765465254,
    -5455.8569483946085,
    -5501.719608147647,
    -5561.121332397359,
    -5633.223450575799,
    -5718.821209220068,
    -5816.531298727205,
    -5925.177592965489,
    -6045.8927940357935,
    -6175.572827168424,
    -6313.128414293349,
    -6453.276924500813,
    -6599.667071595526,
    -6746.307826192324,
    -6893.199188291206,
    -7028.18540299846,
    -7179.5207254391535,
    -7333.078028050753,
    -7489.695981401205,
    -7647.6972443546165,
    -7798.531351791142,
    -7933.059775525072,
    -8025.500848104327,
    -8091.6156141964875,
    -8182.803649265321,
    -8262.12996097337,
    -8331.859953522388,
    -8386.918179473854,
    -8433.218756834236,
    -8468.038490428456,
    -8492.924449299868,
    -8504.521951176692,
    -8508.070202937837,
    -8498.624029237322,
    -8476.978676612247,
    -8441.456803926723,
    -8389.836431009844,
    -8321.278887293662,
    -8239.890677556214,
    -8148.732452536352,
    -8048.686306832866,
    -7946.124149425544,
    -7842.472713948191,
    -7736.098083295764,
    -7617.654545811314,
    -7518.283311235381,
    -7408.7711184654,
    -7295.99109148533,
    -7180.150413766408,
    -7060.116383207759,
    -6927.001079125759,
    -6798.450070795119,
    -6657.068396443213,
    -6510.023211586928,
    -6357.859155261278,
    -6201.41489803421,
    -6042.073749508683,
    -5880.173165248475,
    -5718.22915695742,
    -5558.507128837272,
    -5414.8401769176335,
    -5290.496135408596,
    -5214.61135403402,
    -5118.0538399937395,
    -5035.743788925541,
    -4964.032487024711,
    -4905.72997752802,
    -4864.5283982710225,
    -4840.885540227044,
    -4832.285391692246,
    -4834.327416355664,
    -4830.084380100988,
    -4812.3457033804825,
    -4779.053165463636,
    -4729.160912311264,
    -4665.271803688895,
    -4577.104672626953,
    -4490.0702436658885,
    -4404.963763342798,
    -4320.652529556808,
    -4236.297871739973,
    -4142.7513250235925,
    -4067.6555308020124,
    -3991.9716735145707,
    -3915.449145659184,
    -3835.8659670649463,
    -3752.426891194758,
    -3654.489744850402,
    -3532.959423877017,
    -3380.7891081672633,
    -3235.294669653217,
    -3083.852625784851,
    -2930.699753432739,
    -2775.04080605978,
    -2607.236040476098,
    -2459.23184964232,
    -2311.2810195223774,
    -2170.921648544789,
    -2035.801484446113,
    -1899.0039792115456,
    -1760.5291328410872,
    -1621.509647435614,
    -1481.1068524271805,
    -1340.1594183837317,
    -1198.6673453052679,
    -1067.9042934867116,
    -923.645601202327,
    -779.3869089179424,
    -642.7965871546138,
    -522.381677001343,
    -368.6035769366283,
    -214.2808378368986,
    -60.7967693051142,
    92.68729922667009,
    247.55467736141486,
    402.4220554961596,
    557.8340726659194,
    712.4074192677338,
    867.7760124066479,
    1018.3631896399739,
    1147.4054762917935,
    1280.8048752237335,
    1398.2360460168545,
    1503.8923415108839,
    1598.612432273767,
    1685.2063615422703,
    1762.8354587484487,
    1837.871632872089,
    1909.726820847331,
    1978.989085740035,
    2042.59777681135,
    2097.7428508245093,
    2140.274378970631,
    2174.8869290936123,
    2197.1365408516413,
    2209.114922323086,
    2210.4077065654687,
    2203.6946647230197,
    2187.7996706640165,
    2162.7661484193054,
    2129.683376058916,
    2086.623404944873,
    2033.2922035442461,
    1965.4964190173084,
    1886.8413411379256,
    1795.355597237277,
    1690.745155782432,
    1575.7766359793115,
    1452.7154420296672,
    1345.1212612146724,
    1252.1988469972273,
    1150.8996637833184,
    1066.6244994304022,
    998.2406518376035,
    945.1166339082156,
    907.8405087080992,
    881.9248918645967,
    870.4304341165596,
    870.002453192206,
    881.7302271615662,
    904.7750854566946,
    940.2697301784668,
    986.7874276930771,
    1044.8728170355403,
    1109.2866913269447,
    1182.0773346148137,
    1266.4790937613811,
    1358.2551918960744,
    1455.434256350072,
    1556.3389459874834,
    1663.7358800142295,
    1775.1524707573194,
    1888.7041936096236,
    2002.2124924310822,
    2117.648739890516,
    2235.851606555871,
    2357.6597629950925,
    2482.485146142319,
    2610.915819063412,
    2732.6805514717876,
    2840.568763819713,
    2931.4763813374907,
    3002.887392321285,
    3053.1678796660503,
    3084.910766454325,
    3096.612407673601,
    3092.5864915731527,
    3085.399462690286,
    3077.4171872703196,
    3068.489519854736,
    3058.9737893732918,
    3048.281932760126,
    3037.840683649045,
    3028.8695922026154,
    3022.54478455256,
    3019.454323764739,
    3022.48516445462,
    3030.0468135480046,
    3048.0099650205107,
    3073.0633606312017,
    3099.8375214086295,
    3146.4457442838175,
    3210.5792010241676,
    3279.156618106329,
    3347.14597212263,
    3410.353910233343,
    3463.497801528711,
    3497.3956937921803,
    3519.508774073567,
    3525.6002655023,
    3524.644936823693,
    3520.334925873304,
    3515.7308833899856,
    3511.0834168758206,
    3506.349102299964,
    3497.378010853535,
    3482.4493773697964,
