{
  "name": "Styrian Grand Prix",
  "year": 2021,
  "round": 8,
  "rotation": 1.0,
  "x": [
    1076.1312542434787,
    909.9420474420391,
    742.7704453518804,
    573.5816954649716,
    419.3383037860969,
    249.16715861046904,
    78.01361814612206,
    -92.14007462306851,
    -265.29331047772826,
    -439.44639402754444,
    -613.5994775773606,
    -788.7524088223331,
    -964.8877353560247,
    -1140.0232141945598,
    -1317.1409360169707,
    -1493.241357737788,
    -1654.4313260634456,
    -1830.5492001906998,
    -2007.6669220131105,
    -2183.8022485468023,
    -2330.0817634773007,
    -2472.3967924400476,
    -2593.872091462446,
    -2701.541499223465,
    -2790.405777247323,
    -2882.4615748274605,
    -2969.6926579961882,
    -3050.1516885825063,
    -3123.838666586414,
    -3185.6147342806316,
    -3244.6181401730646,
    -3292.850102702462,
    -3339.309251125232,
    -3382.6815944303457,
    -3433.279752885239,
    -3489.894449917508,
    -3556.542528714215,
    -3627.259807917297,
    -3698.0119919332537,
    -3770.8336809652724,
    -3845.777232232665,
    -3916.5817734679335,
    -3996.5943728368566,
    -4077.6766295266852,
    -4160.810938826139,
    -4237.771637890281,
    -4322.9754522057965,
    -4411.231166826094,
    -4499.504333852828,
    -4589.79464867631,
    -4671.9116578741705,
    -4761.271934628247,
    -4851.684416296792,
    -4940.132107387899,
    -5018.424249869507,
    -5113.359694511795,
    -5194.98297580118,
    -5274.624014106689,
    -5347.039237262418,
    -5427.732480482397,
    -5507.443328413655,
    -5587.17162875135,
    -5657.674418548954,
    -5736.437776004368,
    -5814.218738171062,
    -5892.9995480329135,
    -5970.797962606046,
    -6054.735082601614,
    -6137.497830837654,
    -6223.20776493985,
    -6310.620703522925,
    -6410.2586957315625,
    -6513.826269095077,
    -6623.305666597341,
    -6739.679283527078,
    -6851.774271173193,
    -6978.041650615869,
    -7104.239220432797,
    -7207.003983100195,
    -7320.941594478687,
    -7448.034297552147,
    -7575.144453032045,
    -7701.202403597474,
    -7807.94910463906,
    -7912.626300664585,
    -8003.096200080673,
    -8081.3410458712,
    -8145.37859505229,
    -8205.38184863988,
    -8252.317272564685,
    -8287.23707174118,
    -8310.088888950047,
    -8323.0120388331,
    -8325.866902138838,
    -8313.706597610797,
    -8289.46085870869,
    -8262.95363831971,
    -8228.430183963043,
    -8189.802624387127,
    -8148.088259693555,
    -8103.321994695202,
    -8055.503829392069,
    -8001.669125511559,
    -7942.835183155267,
    -7884.9661836812575,
    -7815.133916678246,
    -7737.302868113983,
    -7651.473037988469,
    -7566.625603151674,
    -7468.762695871408,
    -7362.866102217017,
    -7250.970422391688,
    -7145.038923924422,
    -7023.057505115343,
    -6897.041790712763,
    -6765.991933021526,
    -6643.905799773823,
    -6506.7521414730245,
    -6365.546735172289,
    -6221.306880973209,
    -6088.047899014412,
    -5939.738844408957,
    -5788.360437092286,
    -5634.964881978864,
    -5479.517274255815,
    -5337.102591382675,
    -5177.603235659691,
    -5018.0689751238315,
    -4856.517566791223,
    -4692.966463068301,
    -4528.415511650222,
    -4357.848021654768,
    -4159.1975341627485,
    -4006.6971123058584,
    -3837.146922411998,
    -3665.684299160011,
    -3492.256885330586,
    -3333.8795441478187,
    -3159.487187436112,
    -2983.095135334092,
    -2806.7030832320725,
    -2646.3784038783037,
    -2469.0737661133144,
    -2291.856390380511,
    -2128.7066920056463,
    -1967.6090462404068,
    -1790.5312897591016,
    -1613.4535332777966,
    -1437.3930768980854,
    -1264.3496160102804,
    -1123.3187337739175,
    -988.2694853020556,
    -869.2352523591333,
    -766.1636777258385,
    -680.984647166735,
    -600.6303310190409,
    -526.0831245714747,
    -460.39492812881804,
    -405.5828894878206,
    -365.62894702267073,
    -341.4980436156503,
    -328.31310763603835,
    -323.2491200627385,
    -327.113952120097,
    -344.9417470967704,
    -372.71566180569596,
    -403.5938340387143,
    -446.3305593621111,
    -498.0135567226036,
    -557.6604308314726,
    -625.2711816887182,
    -694.0213994926185,
    -778.6993707932719,
    -869.46369029705,
    -973.2609346507357,
    -1074.2506123897624,
    -1192.237700946448,
    -1318.3457379094457,
    -1450.5750278884423,
    -1575.9973604721547,
    -1717.4521609912435,
    -1863.0808763553312,
    -2013.9182590724479,
    -2152.9843507313726,
    -2309.170020053017,
    -2465.460403813285,
    -2621.8205971993025,
    -2780.250295601382,
    -2939.7147465114917,
    -3100.23140233607,
    -3261.730453449368,
    -3408.1619795095703,
    -3611.6720862258735,
    -3772.944256055486,
    -3933.0420541255703,
    -4080.86244135078,
    -4219.457318035898,
    -4345.79223628258,
    -4458.9022532085455,
    -4558.717559188043,
    -4637.44880153707,
    -4709.8493619928495,
    -4766.11274007463,
    -4804.221787985658,
    -4824.351029790309,
    -4834.2200085468385,
    -4831.10841967277,
    -4813.929153440764,
    -4788.925629711879,
    -4750.749561881588,
    -4699.592926420702,
    -4634.455875634064,
    -4560.30274318458,
    -4502.758008082905,
    -4422.570884649608,
    -4342.366308809875,
    -4259.127285071798,
    -4179.07978089,
    -4084.877337318076,
    -3984.8328792331504,
    -3876.9990684642207,
    -3763.480314840224,
    -3643.311675478878,
    -3518.5277505833706,
    -3393.2326453729506,
    -3275.3727841895575,
    -3144.8988559107515,
    -3021.7554572203485,
    -2904.8903832038804,
    -2804.162491561413,
    -2701.679238218755,
    -2597.3708135501565,
    -2492.062541186402,
    -2399.5777647953078,
    -2288.3925731056756,
    -2178.1374194854507,
    -2061.795917662101,
    -1937.3509198388767,
    -1817.573564769126,
    -1675.6599411544362,
    -1523.4511496787488,
    -1365.9987860371575,
    -1220.300261047321,
    -1056.4997631060457,
    -892.6120031325839,
    -727.7069430575285,
    -575.7824506130689,
    -407.860395046107,
    -237.93864408883235,
    -67.99944072512041,
    102.95706274018522,
    275.9307140022409,
    449.8693081465784,
    624.8252023925096,
    784.7484763982203,
    960.6693135264334,
    1137.5899983498027,
    1314.4757783602977,
    1476.3812953498839,
    1654.249470649098,
    1833.1349460499055,
    2012.0029690442757,
    2191.88829214024,
    2355.7760521137016,
    2534.7313371402583,
    2718.7731226747837,
    2895.938141188275,
    3051.2286772533866,
    3210.7803901956827,
    3357.5958691975056,
    3491.7274714781665,
    3602.037253139447,
    3708.7315969617216,
    3795.7082253838653,
    3860.8976333898154,
    3903.1778064393557,
    3946.719613280611,
    3990.1043484639304,
    4031.2974117861277,
    4078.838609408009,
    4122.15353496558,
    4168.677432485866,
    4208.062776888561,
    4233.240824681818,
    4242.351499726825,
    4232.273092093049,
    4197.111230048177,
    4141.830247255117,
    4078.2363395849343,
    3993.5583682842807,
    3894.6556479677533,
    3786.6495839561944,
    3685.520286965669,
    3569.428179360673,
    3449.301776162177,
    3323.106477166993,
    3204.7528880751242,
    3070.4540930800654,
    2932.138454897944,
    2789.788521122322,
    2658.402007180546,
    2512.1050398436105,
    2362.8434342340806,
    2211.582133234238,
    2072.2666473569598,
    1917.0234079829288,
    1759.7979256250221,
    1600.5727478768026,
    1440.365174839864,
    1316.959990052902
  ],