{
  "name": "Tuscan Grand Prix",
  "year": 2020,
  "round": 9,
  "rotation": 273.0,
  "x": [
    -243.0996755778986,
    -80.13070305248591,
    81.83963993817221,
    244.80861246358492,
    408.72387856750925,
    572.6391446714335,
    736.6067467316009,
    900.5220128355252,
    1060.3904248441884,
    1224.3580269043555,
    1394.4220780855362,
    1558.3896801457036,
    1722.2526102933848,
    1886.167876397309,
    2050.1354784574764,
    2199.703579381136,
    2363.6711814413034,
    2527.5341115889846,
    2692.3433353151777,
    2858.8881383296653,
    3029.218115658199,
    3200.494386565245,
    3369.7733984027814,
    3540.1033757313153,
    3709.3823875688518,
    3879.503021072414,
    4049.4143107510045,
    4224.057068322153,
    4399.698455428056,
    4573.4472553769365,
    4742.569259345743,
    4903.017613239218,
    5044.492005972355,
    5165.889136097915,
    5266.472053862358,
    5350.287613360944,
    5417.2834786374315,
    5466.35634824458,
    5498.557187673387,
    5512.93970334534,
    5511.448818373705,
    5494.769146555781,
    5463.742309557591,
    5420.365566448646,
    5368.214747718021,
    5308.654834594169,
    5230.857910063522,
    5142.551330622898,
    5048.832915858558,
    4948.7040362357475,
    4845.317588227458,
    4737.674942298936,
    4625.776098450181,
    4509.621056681192,
    4390.208446526726,
    4265.488672961029,
    4213.0889135476045,
    4082.115682992165,
    3952.14108197148,
    3831.3634905885583,
    3718.888951221131,
    3616.976402719921,
    3520.7897052798858,
    3433.377083461531,
    3355.7371667996117,
    3288.8162488726393,
    3235.7672261536063,
    3173.0331847260695,
    3122.6052061853225,
    3072.914177398115,
    3017.1266994898947,
    2951.9328681189395,
    2874.9690725220394,
    2783.1870881386885,
    2680.424425239176,
    2581.6081908885776,
    2468.0261037077707,
    2355.6039002965863,
    2244.2892446987807,
    2132.926499510871,
    2018.7814559098076,
    1907.3706211317935,
    1795.1181646877537,
    1678.8711901046956,
    1558.5773614263762,
    1477.2781741935894,
    1353.6221052173057,
    1227.8117693027841,
    1098.006915249244,
    967.0987597484636,
    833.0900437309335,
    697.0840686438944,
    558.9761625748602,
    419.81729101482836,
    278.6611603852874,
    135.4030987737515,
    -7.854962837784431,
    -152.11165398407493,
    -297.41931062136297,
    -442.72696725865103,
    -580.7825373714423,
    -708.3284525742584,
    -812.5961191064004,
    -926.1173775986867,
    -1040.3798322106518,
    -1142.4536349467287,
    -1259.1447753765624,
    -1390.6102613688815,
    -1508.722965349552,
    -1626.8356693302223,
    -1745.628740742051,
    -1865.6778751037102,
    -1991.9762200889732,
    -2117.5857049108004,
    -2240.4043985871967,
    -2363.428189722427,
    -2481.877520833827,
    -2597.278627384721,
    -2703.221044516637,
    -2822.669005162792,
    -2945.217526325697,
    -3067.92305535733,
    -3192.7305153709585,
    -3319.639906366582,
    -3447.600262853203,
    -3577.662550321819,
    -3709.774432816187,
    -3836.6838238118107,
    -3970.949973244417,
    -4108.264347237529,
    -4246.62968672164,
    -4386.0459916967475,
    -4523.5697095148325,
    -4649.371552697076,
    -4747.68279251238,
    -4810.305048857732,
    -4848.79469576797,
    -4864.049937231498,
    -4870.897454767046,
    -4880.479181125643,
    -4896.998978271279,
    -4923.823332868058,
    -4970.777286028657,
    -5043.172247530444,
    -5142.006846908177,
    -5260.028997637356,
    -5395.136768735988,
    -5542.389348486542,
    -5700.89277926675,
    -5859.976151931769,
    -6018.850180771817,
    -6178.618167234133,
    -6338.333817740206,
    -6456.268282021453,
    -6619.8214427978155,
    -6785.476534556174,
    -6951.28863418326,
    -7114.471196899783,
    -7273.183971504963,
    -7421.696860571486,
    -7559.220578389571,
    -7680.7096413292,
    -7780.961557891631,
    -7856.980439472598,
    -7907.453640799889,
    -7929.494191547867,
    -7930.454603787373,
    -7909.392830306037,
    -7873.089934022167,
    -7823.543174005272,
    -7762.697473368619,
    -7691.65613355945,
    -7611.417784112517,
    -7552.843761425004,
    -7468.453885970324,
    -7377.75821756966,
    -7275.29258494305,
    -7154.803531100754,
    -7014.136789104533,
    -6858.180834715675,
    -6694.030746589947,
    -6524.734749287855,
    -6354.549040729635,
    -6185.8372316784935,
    -6075.150607555603,
    -5909.120671371267,
    -5743.03839923069,
    -5576.903791133868,
    -5409.822889458535,
    -5242.741987783203,
    -5074.610120616872,
    -4905.479623915787,
    -4737.4000927056995,
    -4567.2709664698605,
    -4397.878789987561,
    -4246.252601305871,
    -4088.320619678197,
    -3946.471382519082,
    -3818.550622890288,
    -3713.3889987358775,
    -3617.63797441034,
    -3535.187396140209,
    -3466.089599881726,
    -3412.394180660644,
    -3376.3600773276867,
    -3355.7283510321304,
    -3346.504483634956,
    -3338.436253641266,
    -3329.4217300690634,
    -3315.885082429275,
    -3290.050864634974,
    -3246.712338821277,
    -3179.668383954685,
    -3090.8115871922214,
    -2994.8031294516077,
    -2884.60026803332,
    -2758.2580798240915,
    -2617.512144112217,
    -2477.869509847583,
    -2341.2227641872123,
    -2203.5773889920874,
    -2063.8824187712103,
    -1922.2425254370667,
    -1776.608113963905,
    -1629.0287793774771,
    -1489.5954889378147,
    -1334.0794540295933,
    -1170.4697109308493,
    -1012.9040809968757,
    -857.3357101324112,
    -699.7700801984377,
    -541.1534847734665,
    -380.53963027898624,
    -219.87343982826303,
    -59.050241508811006,
    101.24535088207294,
    250.08074841833144,
    379.4669148219279,
    491.4011091623714,
    581.5224616069431,
    653.9824981633902,
    708.7288828754697,
    746.7079093216931,
    767.605561764603,
    773.4190992737083,
    764.0961858927662,
    739.427477796805,
    701.3578980990906,
    649.7827748871374,
    586.7517031866973,
    512.2123470415277,
    428.2143014773802,
    338.6474127207876,
    243.56401672799262,
    145.0660444809904,
    52.825775589869,
    -50.92277774598217,
    -157.29662162625777,
    -266.29575605095783,
    -375.92292195057325,
    -486.125783368861,
    -595.7487029023378,
    -706.6319317517838,
    -818.6184620484703,
    -934.7565183529039,
    -1053.9951351740872,
    -1175.2833470210223,
    -1299.9903814883037,
    -1432.743034556003,
    -1582.2672922556972,
    -1745.8812817205799,
    -1911.073842605028,
    -2072.376557262944,
    -2232.100700501294,
    -2390.246272320079,
    -2541.7635427231435,
    -2694.5368760760384,
    -2759.596310971537,
    -2901.4851449884795,
    -3043.3216430491784,
    -3187.050728266901,
    -3332.8817444666183,
    -3478.7127606663357,
    -3623.7021552000274,
    -3769.79485118096,
    -3902.434339603896,
    -4049.578001075826,
    -4197.772628038753,
    -4345.96725500168,
    -4495.160511499362,
    -4644.353767997044,
    -4797.436870721258,
    -4950.519973445472,
    -5099.817901855639,
    -5244.698378110707,
    -5389.5265184095315,
    -5534.302322752113,
    -5679.91974876072,
    -5812.402229314926,
    -5945.996504048652,
    -6092.6295450565685,
    -6224.130381540575,
    -6346.28144688423,
    -6470.172337882317,
    -6579.402047962682,
    -6675.021542616323,
    -6759.028080912748,
    -6828.687454028908,
    -6883.158040298777,
    -6921.284202318873,
    -6944.906191289976,
    -6952.131420055061,
    -6943.169232439102,
    -6918.176636310827,
    -6876.207338091724,
    -6824.879775999991,
    -6754.316572966705,
    -6668.246320983533,
    -6564.671760980966,
    -6444.434514625028,
    -6315.680626062485,
    -6185.138822255405,
    -6053.7553967823,
    -5919.585426529902,
    -5780.526980516218,
    -5638.524981854513,
    -5494.5257241232985,
    -5349.527836857329,
    -5204.372941722631,
    -5058.271753009421,
    -4909.279347604434,
